"","W19009-15","W19009-22","W19009-26","W19012-12","W19013-4","W19016-5","W19020-20","W19022-9","W19023-24","W19024-15","W19024-20","W19026-12","W19026-21","W19027-4","W19027-40","W19028-2","W19028-23","W19029-14","W19031-1","W19031-14","W19031-8","W20001-15","W20001-20","W20001-28","W20001-29","W20001-7","W20002-4","W20003-14","W20003-18","W20003-34","W20003-39","W20004-20","W20004-26","W20004-37","W20004-39","W20005-13","W20005-17","W20005-23","W20005-28","W20005-4","W20005-7","W20006-2","W20012-1","W20012-8","W20015-11","W20015-27","W20016-3","W20017-15","W20017-17","W20017-28","W20017-3","W20017-32","W20017-8","W20019-1","W20020-1","W20020-12","W20020-16","W20022-2","W20022-5","W20022-8","W20023-10","W20023-12","W20023-2","W20023-7","W20024-1","W20024-12","W20024-15","W20029-1","W20031-13","W20031-16","W20031-22","W20031-24","W20031-31","W20031-37","W20031-42","W20031-64","W20031-67","W20032-18","W20032-30","W20032-31","W20033-4","W20034-11","W20034-13","W20034-7","W20035-25","W20035-33","W20035-5","W20036-14","W20036-38","W20036-8","W20038-19","W20038-6","W20038-63"
"W19009-15",0.2631,0.1388,0.1388,0.0337,0.091,0.0736,0.0367,0.0939,0.0311,0.0409,0.0409,0.0439,0.0439,0.0884,0.0884,0.0812,0.0812,0.0285,0.0407,0.0407,0.0407,0.0407,0.0407,0.0407,0.0407,0.0407,0.057,0.057,0.057,0.057,0.057,0.0285,0.0285,0.0285,0.0285,0.0541,0.0541,0.0541,0.0541,0.0541,0.0541,0.0473,0.0288,0.0288,0.0465,0.0465,0.0466,0.0504,0.0533,0.0504,0.0533,0.0504,0.0533,0.0547,0.0457,0.0457,0.0457,0.0409,0.0409,0.0409,0.0411,0.0411,0.0411,0.0411,0.0478,0.0478,0.0478,0.0255,0.0439,0.0439,0.0439,0.0439,0.0439,0.0439,0.0439,0.0439,0.0439,0.0262,0.0315,0.0262,0.056,0.0629,0.0629,0.0629,0.0629,0.0629,0.0629,0.0629,0.0629,0.0629,0.0481,0.0481,0.0481
"W19009-22",0.1388,0.2631,0.1388,0.0337,0.091,0.0736,0.0367,0.0939,0.0311,0.0409,0.0409,0.0439,0.0439,0.0884,0.0884,0.0812,0.0812,0.0285,0.0407,0.0407,0.0407,0.0407,0.0407,0.0407,0.0407,0.0407,0.057,0.057,0.057,0.057,0.057,0.0285,0.0285,0.0285,0.0285,0.0541,0.0541,0.0541,0.0541,0.0541,0.0541,0.0473,0.0288,0.0288,0.0465,0.0465,0.0466,0.0504,0.0533,0.0504,0.0533,0.0504,0.0533,0.0547,0.0457,0.0457,0.0457,0.0409,0.0409,0.0409,0.0411,0.0411,0.0411,0.0411,0.0478,0.0478,0.0478,0.0255,0.0439,0.0439,0.0439,0.0439,0.0439,0.0439,0.0439,0.0439,0.0439,0.0262,0.0315,0.0262,0.056,0.0629,0.0629,0.0629,0.0629,0.0629,0.0629,0.0629,0.0629,0.0629,0.0481,0.0481,0.0481
"W19009-26",0.1388,0.1388,0.2631,0.0337,0.091,0.0736,0.0367,0.0939,0.0311,0.0409,0.0409,0.0439,0.0439,0.0884,0.0884,0.0812,0.0812,0.0285,0.0407,0.0407,0.0407,0.0407,0.0407,0.0407,0.0407,0.0407,0.057,0.057,0.057,0.057,0.057,0.0285,0.0285,0.0285,0.0285,0.0541,0.0541,0.0541,0.0541,0.0541,0.0541,0.0473,0.0288,0.0288,0.0465,0.0465,0.0466,0.0504,0.0533,0.0504,0.0533,0.0504,0.0533,0.0547,0.0457,0.0457,0.0457,0.0409,0.0409,0.0409,0.0411,0.0411,0.0411,0.0411,0.0478,0.0478,0.0478,0.0255,0.0439,0.0439,0.0439,0.0439,0.0439,0.0439,0.0439,0.0439,0.0439,0.0262,0.0315,0.0262,0.056,0.0629,0.0629,0.0629,0.0629,0.0629,0.0629,0.0629,0.0629,0.0629,0.0481,0.0481,0.0481
"W19012-12",0.0337,0.0337,0.0337,0.2591,0.0937,0.0325,0.0964,0.0549,0.0802,0.082,0.082,0.0432,0.0432,0.0386,0.0386,0.0919,0.0919,0.01,0.022,0.022,0.022,0.022,0.022,0.022,0.022,0.022,0.02,0.02,0.02,0.02,0.02,0.01,0.01,0.01,0.01,0.0309,0.0309,0.0309,0.0309,0.0309,0.0309,0.0881,0.0162,0.0162,0.0982,0.0982,0.0373,0.0799,0.0411,0.0799,0.0411,0.0799,0.0411,0.0248,0.0266,0.0266,0.0266,0.082,0.082,0.082,0.021,0.021,0.021,0.021,0.0248,0.0248,0.0248,0.0196,0.0432,0.0432,0.0432,0.0432,0.0432,0.0432,0.0432,0.0432,0.0432,0.0251,0.0135,0.0251,0.0287,0.0287,0.0287,0.0287,0.0287,0.0287,0.0287,0.0287,0.0287,0.0287,0.0244,0.0244,0.0244
"W19013-4",0.091,0.091,0.091,0.0937,0.2896,0.0906,0.0336,0.1057,0.028,0.1019,0.1019,0.0418,0.0418,0.1001,0.1001,0.0919,0.0919,0.013,0.0339,0.0339,0.0339,0.0339,0.0339,0.0339,0.0339,0.0339,0.026,0.026,0.026,0.026,0.026,0.013,0.013,0.013,0.013,0.0357,0.0357,0.0357,0.0357,0.0357,0.0357,0.1087,0.0148,0.0148,0.1075,0.1075,0.0292,0.0945,0.0345,0.0945,0.0345,0.0945,0.0345,0.0314,0.0281,0.0281,0.0281,0.1019,0.1019,0.1019,0.0236,0.0236,0.0236,0.0236,0.0288,0.0288,0.0288,0.025,0.0418,0.0418,0.0418,0.0418,0.0418,0.0418,0.0418,0.0418,0.0418,0.0324,0.0134,0.0324,0.0624,0.065,0.065,0.065,0.065,0.065,0.065,0.065,0.065,0.065,0.0367,0.0367,0.0367
"W19016-5",0.0736,0.0736,0.0736,0.0325,0.0906,0.2565,0.0275,0.0856,0.0297,0.0462,0.0462,0.0413,0.0413,0.0878,0.0878,0.0741,0.0741,0.0127,0.0289,0.0289,0.0289,0.0289,0.0289,0.0289,0.0289,0.0289,0.0254,0.0254,0.0254,0.0254,0.0254,0.0127,0.0127,0.0127,0.0127,0.0286,0.0286,0.0286,0.0286,0.0286,0.0286,0.0442,0.0268,0.0268,0.044,0.044,0.0241,0.0333,0.0284,0.0333,0.0284,0.0333,0.0284,0.0286,0.0233,0.0233,0.0233,0.0462,0.0462,0.0462,0.0263,0.0263,0.0263,0.0263,0.0306,0.0306,0.0306,0.0197,0.0413,0.0413,0.0413,0.0413,0.0413,0.0413,0.0413,0.0413,0.0413,0.0502,0.0109,0.0502,0.058,0.0561,0.0561,0.0561,0.0561,0.0561,0.0561,0.0561,0.0561,0.0561,0.0327,0.0327,0.0327
"W19020-20",0.0367,0.0367,0.0367,0.0964,0.0336,0.0275,0.3002,0.1162,0.106,0.0331,0.0331,0.1156,0.1156,0.0432,0.0432,0.1065,0.1065,0.0133,0.0196,0.0196,0.0196,0.0196,0.0196,0.0196,0.0196,0.0196,0.0265,0.0265,0.0265,0.0265,0.0265,0.0133,0.0133,0.0133,0.0133,0.0583,0.0583,0.0583,0.0583,0.0583,0.0583,0.0477,0.0234,0.0234,0.1061,0.1061,0.1093,0.0341,0.1166,0.0341,0.1166,0.0341,0.1166,0.0454,0.0593,0.0593,0.0593,0.0331,0.0331,0.0331,0.0363,0.0363,0.0363,0.0363,0.0436,0.0436,0.0436,0.036,0.1156,0.1156,0.1156,0.1156,0.1156,0.1156,0.1156,0.1156,0.1156,0.0308,0.0264,0.0308,0.0364,0.0381,0.0381,0.0381,0.0381,0.0381,0.0381,0.0381,0.0381,0.0381,0.0505,0.0505,0.0505
"W19022-9",0.0939,0.0939,0.0939,0.0549,0.1057,0.0856,0.1162,0.2883,0.0538,0.053,0.053,0.1143,0.1143,0.1046,0.1046,0.1065,0.1065,0.0163,0.0315,0.0315,0.0315,0.0315,0.0315,0.0315,0.0315,0.0315,0.0326,0.0326,0.0326,0.0326,0.0326,0.0163,0.0163,0.0163,0.0163,0.063,0.063,0.063,0.063,0.063,0.063,0.0684,0.022,0.022,0.1154,0.1154,0.1013,0.0487,0.11,0.0487,0.11,0.0487,0.11,0.052,0.0608,0.0608,0.0608,0.053,0.053,0.053,0.0389,0.0389,0.0389,0.0389,0.0476,0.0476,0.0476,0.0414,0.1143,0.1143,0.1143,0.1143,0.1143,0.1143,0.1143,0.1143,0.1143,0.0381,0.0263,0.0381,0.0701,0.0745,0.0745,0.0745,0.0745,0.0745,0.0745,0.0745,0.0745,0.0745,0.0628,0.0628,0.0628
"W19023-24",0.0311,0.0311,0.0311,0.0802,0.028,0.0297,0.106,0.0538,0.2668,0.0822,0.0822,0.1079,0.1079,0.0909,0.0909,0.0889,0.0889,0.0114,0.0156,0.0156,0.0156,0.0156,0.0156,0.0156,0.0156,0.0156,0.0227,0.0227,0.0227,0.0227,0.0227,0.0114,0.0114,0.0114,0.0114,0.0423,0.0423,0.0423,0.0423,0.0423,0.0423,0.0355,0.0175,0.0175,0.0451,0.0451,0.0463,0.0261,0.0518,0.0261,0.0518,0.0261,0.0518,0.0322,0.0361,0.0361,0.0361,0.0822,0.0822,0.0822,0.0833,0.0833,0.0833,0.0833,0.0889,0.0889,0.0889,0.0259,0.1079,0.1079,0.1079,0.1079,0.1079,0.1079,0.1079,0.1079,0.1079,0.0786,0.0192,0.0786,0.0838,0.027,0.027,0.027,0.027,0.027,0.027,0.027,0.027,0.027,0.0285,0.0285,0.0285
"W19024-15",0.0409,0.0409,0.0409,0.082,0.1019,0.0462,0.0331,0.053,0.0822,0.2661,0.1429,0.094,0.094,0.1021,0.1021,0.0411,0.0411,0.0132,0.0259,0.0259,0.0259,0.0259,0.0259,0.0259,0.0259,0.0259,0.0264,0.0264,0.0264,0.0264,0.0264,0.0132,0.0132,0.0132,0.0132,0.0361,0.0361,0.0361,0.0361,0.0361,0.0361,0.095,0.0171,0.0171,0.0938,0.0938,0.0294,0.0838,0.0349,0.0838,0.0349,0.0838,0.0349,0.0297,0.0292,0.0292,0.0292,0.1429,0.1429,0.1429,0.0785,0.0785,0.0785,0.0785,0.084,0.084,0.084,0.0237,0.094,0.094,0.094,0.094,0.094,0.094,0.094,0.094,0.094,0.0847,0.015,0.0847,0.0899,0.0357,0.0357,0.0357,0.0357,0.0357,0.0357,0.0357,0.0357,0.0357,0.0309,0.0309,0.0309
"W19024-20",0.0409,0.0409,0.0409,0.082,0.1019,0.0462,0.0331,0.053,0.0822,0.1429,0.2661,0.094,0.094,0.1021,0.1021,0.0411,0.0411,0.0132,0.0259,0.0259,0.0259,0.0259,0.0259,0.0259,0.0259,0.0259,0.0264,0.0264,0.0264,0.0264,0.0264,0.0132,0.0132,0.0132,0.0132,0.0361,0.0361,0.0361,0.0361,0.0361,0.0361,0.095,0.0171,0.0171,0.0938,0.0938,0.0294,0.0838,0.0349,0.0838,0.0349,0.0838,0.0349,0.0297,0.0292,0.0292,0.0292,0.1429,0.1429,0.1429,0.0785,0.0785,0.0785,0.0785,0.084,0.084,0.084,0.0237,0.094,0.094,0.094,0.094,0.094,0.094,0.094,0.094,0.094,0.0847,0.015,0.0847,0.0899,0.0357,0.0357,0.0357,0.0357,0.0357,0.0357,0.0357,0.0357,0.0357,0.0309,0.0309,0.0309
"W19026-12",0.0439,0.0439,0.0439,0.0432,0.0418,0.0413,0.1156,0.1143,0.1079,0.094,0.094,0.287,0.1665,0.1066,0.1066,0.0558,0.0558,0.0165,0.0234,0.0234,0.0234,0.0234,0.0234,0.0234,0.0234,0.0234,0.0329,0.0329,0.0329,0.0329,0.0329,0.0165,0.0165,0.0165,0.0165,0.0634,0.0634,0.0634,0.0634,0.0634,0.0634,0.0547,0.0243,0.0243,0.1017,0.1017,0.1015,0.038,0.1104,0.038,0.1104,0.038,0.1104,0.0503,0.062,0.062,0.062,0.094,0.094,0.094,0.0938,0.0938,0.0938,0.0938,0.1028,0.1028,0.1028,0.0401,0.1665,0.1665,0.1665,0.1665,0.1665,0.1665,0.1665,0.1665,0.1665,0.0904,0.0279,0.0904,0.0976,0.0451,0.0451,0.0451,0.0451,0.0451,0.0451,0.0451,0.0451,0.0451,0.057,0.057,0.057
"W19026-21",0.0439,0.0439,0.0439,0.0432,0.0418,0.0413,0.1156,0.1143,0.1079,0.094,0.094,0.1665,0.287,0.1066,0.1066,0.0558,0.0558,0.0165,0.0234,0.0234,0.0234,0.0234,0.0234,0.0234,0.0234,0.0234,0.0329,0.0329,0.0329,0.0329,0.0329,0.0165,0.0165,0.0165,0.0165,0.0634,0.0634,0.0634,0.0634,0.0634,0.0634,0.0547,0.0243,0.0243,0.1017,0.1017,0.1015,0.038,0.1104,0.038,0.1104,0.038,0.1104,0.0503,0.062,0.062,0.062,0.094,0.094,0.094,0.0938,0.0938,0.0938,0.0938,0.1028,0.1028,0.1028,0.0401,0.1665,0.1665,0.1665,0.1665,0.1665,0.1665,0.1665,0.1665,0.1665,0.0904,0.0279,0.0904,0.0976,0.0451,0.0451,0.0451,0.0451,0.0451,0.0451,0.0451,0.0451,0.0451,0.057,0.057,0.057
"W19027-4",0.0884,0.0884,0.0884,0.0386,0.1001,0.0878,0.0432,0.1046,0.0909,0.1021,0.1021,0.1066,0.1066,0.2761,0.1523,0.0889,0.0889,0.0144,0.0275,0.0275,0.0275,0.0275,0.0275,0.0275,0.0275,0.0275,0.0288,0.0288,0.0288,0.0288,0.0288,0.0144,0.0144,0.0144,0.0144,0.047,0.047,0.047,0.047,0.047,0.047,0.0562,0.016,0.016,0.0544,0.0544,0.0382,0.0407,0.0452,0.0407,0.0452,0.0407,0.0452,0.0388,0.0376,0.0376,0.0376,0.1021,0.1021,0.1021,0.0859,0.0859,0.0859,0.0859,0.0929,0.0929,0.0929,0.0312,0.1066,0.1066,0.1066,0.1066,0.1066,0.1066,0.1066,0.1066,0.1066,0.0859,0.0192,0.0859,0.1175,0.0634,0.0634,0.0634,0.0634,0.0634,0.0634,0.0634,0.0634,0.0634,0.0407,0.0407,0.0407
"W19027-40",0.0884,0.0884,0.0884,0.0386,0.1001,0.0878,0.0432,0.1046,0.0909,0.1021,0.1021,0.1066,0.1066,0.1523,0.2761,0.0889,0.0889,0.0144,0.0275,0.0275,0.0275,0.0275,0.0275,0.0275,0.0275,0.0275,0.0288,0.0288,0.0288,0.0288,0.0288,0.0144,0.0144,0.0144,0.0144,0.047,0.047,0.047,0.047,0.047,0.047,0.0562,0.016,0.016,0.0544,0.0544,0.0382,0.0407,0.0452,0.0407,0.0452,0.0407,0.0452,0.0388,0.0376,0.0376,0.0376,0.1021,0.1021,0.1021,0.0859,0.0859,0.0859,0.0859,0.0929,0.0929,0.0929,0.0312,0.1066,0.1066,0.1066,0.1066,0.1066,0.1066,0.1066,0.1066,0.1066,0.0859,0.0192,0.0859,0.1175,0.0634,0.0634,0.0634,0.0634,0.0634,0.0634,0.0634,0.0634,0.0634,0.0407,0.0407,0.0407
"W19028-2",0.0812,0.0812,0.0812,0.0919,0.0919,0.0741,0.1065,0.1065,0.0889,0.0411,0.0411,0.0558,0.0558,0.0889,0.0889,0.2641,0.1396,0.0112,0.0236,0.0236,0.0236,0.0236,0.0236,0.0236,0.0236,0.0236,0.0224,0.0224,0.0224,0.0224,0.0224,0.0112,0.0112,0.0112,0.0112,0.0419,0.0419,0.0419,0.0419,0.0419,0.0419,0.0492,0.0152,0.0152,0.0588,0.0588,0.0461,0.0368,0.0514,0.0368,0.0514,0.0368,0.0514,0.0338,0.035,0.035,0.035,0.0411,0.0411,0.0411,0.0284,0.0284,0.0284,0.0284,0.0338,0.0338,0.0338,0.0272,0.0558,0.0558,0.0558,0.0558,0.0558,0.0558,0.0558,0.0558,0.0558,0.0263,0.0177,0.0263,0.0563,0.0564,0.0564,0.0564,0.0564,0.0564,0.0564,0.0564,0.0564,0.0564,0.0343,0.0343,0.0343
"W19028-23",0.0812,0.0812,0.0812,0.0919,0.0919,0.0741,0.1065,0.1065,0.0889,0.0411,0.0411,0.0558,0.0558,0.0889,0.0889,0.1396,0.2641,0.0112,0.0236,0.0236,0.0236,0.0236,0.0236,0.0236,0.0236,0.0236,0.0224,0.0224,0.0224,0.0224,0.0224,0.0112,0.0112,0.0112,0.0112,0.0419,0.0419,0.0419,0.0419,0.0419,0.0419,0.0492,0.0152,0.0152,0.0588,0.0588,0.0461,0.0368,0.0514,0.0368,0.0514,0.0368,0.0514,0.0338,0.035,0.035,0.035,0.0411,0.0411,0.0411,0.0284,0.0284,0.0284,0.0284,0.0338,0.0338,0.0338,0.0272,0.0558,0.0558,0.0558,0.0558,0.0558,0.0558,0.0558,0.0558,0.0558,0.0263,0.0177,0.0263,0.0563,0.0564,0.0564,0.0564,0.0564,0.0564,0.0564,0.0564,0.0564,0.0564,0.0343,0.0343,0.0343
"W19029-14",0.0285,0.0285,0.0285,0.01,0.013,0.0127,0.0133,0.0163,0.0114,0.0132,0.0132,0.0165,0.0165,0.0144,0.0144,0.0112,0.0112,0.2514,0.0688,0.0688,0.0688,0.0688,0.0688,0.0688,0.0688,0.0688,0.0983,0.1292,0.1292,0.1292,0.1292,0.1271,0.1271,0.1271,0.1271,0.0321,0.0321,0.0321,0.0321,0.0321,0.0321,0.0162,0.0268,0.0268,0.0151,0.0151,0.0278,0.0277,0.031,0.0277,0.031,0.0277,0.031,0.0379,0.0292,0.0292,0.0292,0.0132,0.0132,0.0132,0.0259,0.0259,0.0259,0.0259,0.0291,0.0291,0.0291,0.0103,0.0165,0.0165,0.0165,0.0165,0.0165,0.0165,0.0165,0.0165,0.0165,0.0172,0.023,0.0172,0.0124,0.0212,0.0212,0.0212,0.0212,0.0212,0.0212,0.0212,0.0212,0.0212,0.0294,0.0294,0.0294
"W19031-1",0.0407,0.0407,0.0407,0.022,0.0339,0.0289,0.0196,0.0315,0.0156,0.0259,0.0259,0.0234,0.0234,0.0275,0.0275,0.0236,0.0236,0.0688,0.2602,0.1361,0.1361,0.1361,0.1361,0.1361,0.1361,0.1361,0.1067,0.1375,0.1375,0.1375,0.1375,0.0688,0.0688,0.0688,0.0688,0.0385,0.0385,0.0385,0.0385,0.0385,0.0385,0.0304,0.0343,0.0343,0.0299,0.0299,0.034,0.0404,0.038,0.0404,0.038,0.0404,0.038,0.0441,0.0355,0.0355,0.0355,0.0259,0.0259,0.0259,0.03,0.03,0.03,0.03,0.034,0.034,0.034,0.0143,0.0234,0.0234,0.0234,0.0234,0.0234,0.0234,0.0234,0.0234,0.0234,0.0283,0.0266,0.0283,0.0218,0.0319,0.0319,0.0319,0.0319,0.0319,0.0319,0.0319,0.0319,0.0319,0.0367,0.0367,0.0367
"W19031-14",0.0407,0.0407,0.0407,0.022,0.0339,0.0289,0.0196,0.0315,0.0156,0.0259,0.0259,0.0234,0.0234,0.0275,0.0275,0.0236,0.0236,0.0688,0.1361,0.2602,0.1361,0.1361,0.1361,0.1361,0.1361,0.1361,0.1067,0.1375,0.1375,0.1375,0.1375,0.0688,0.0688,0.0688,0.0688,0.0385,0.0385,0.0385,0.0385,0.0385,0.0385,0.0304,0.0343,0.0343,0.0299,0.0299,0.034,0.0404,0.038,0.0404,0.038,0.0404,0.038,0.0441,0.0355,0.0355,0.0355,0.0259,0.0259,0.0259,0.03,0.03,0.03,0.03,0.034,0.034,0.034,0.0143,0.0234,0.0234,0.0234,0.0234,0.0234,0.0234,0.0234,0.0234,0.0234,0.0283,0.0266,0.0283,0.0218,0.0319,0.0319,0.0319,0.0319,0.0319,0.0319,0.0319,0.0319,0.0319,0.0367,0.0367,0.0367
"W19031-8",0.0407,0.0407,0.0407,0.022,0.0339,0.0289,0.0196,0.0315,0.0156,0.0259,0.0259,0.0234,0.0234,0.0275,0.0275,0.0236,0.0236,0.0688,0.1361,0.1361,0.2602,0.1361,0.1361,0.1361,0.1361,0.1361,0.1067,0.1375,0.1375,0.1375,0.1375,0.0688,0.0688,0.0688,0.0688,0.0385,0.0385,0.0385,0.0385,0.0385,0.0385,0.0304,0.0343,0.0343,0.0299,0.0299,0.034,0.0404,0.038,0.0404,0.038,0.0404,0.038,0.0441,0.0355,0.0355,0.0355,0.0259,0.0259,0.0259,0.03,0.03,0.03,0.03,0.034,0.034,0.034,0.0143,0.0234,0.0234,0.0234,0.0234,0.0234,0.0234,0.0234,0.0234,0.0234,0.0283,0.0266,0.0283,0.0218,0.0319,0.0319,0.0319,0.0319,0.0319,0.0319,0.0319,0.0319,0.0319,0.0367,0.0367,0.0367
"W20001-15",0.0407,0.0407,0.0407,0.022,0.0339,0.0289,0.0196,0.0315,0.0156,0.0259,0.0259,0.0234,0.0234,0.0275,0.0275,0.0236,0.0236,0.0688,0.1361,0.1361,0.1361,0.2602,0.1361,0.1361,0.1361,0.1361,0.1067,0.1375,0.1375,0.1375,0.1375,0.0688,0.0688,0.0688,0.0688,0.0385,0.0385,0.0385,0.0385,0.0385,0.0385,0.0304,0.0343,0.0343,0.0299,0.0299,0.034,0.0404,0.038,0.0404,0.038,0.0404,0.038,0.0441,0.0355,0.0355,0.0355,0.0259,0.0259,0.0259,0.03,0.03,0.03,0.03,0.034,0.034,0.034,0.0143,0.0234,0.0234,0.0234,0.0234,0.0234,0.0234,0.0234,0.0234,0.0234,0.0283,0.0266,0.0283,0.0218,0.0319,0.0319,0.0319,0.0319,0.0319,0.0319,0.0319,0.0319,0.0319,0.0367,0.0367,0.0367
"W20001-20",0.0407,0.0407,0.0407,0.022,0.0339,0.0289,0.0196,0.0315,0.0156,0.0259,0.0259,0.0234,0.0234,0.0275,0.0275,0.0236,0.0236,0.0688,0.1361,0.1361,0.1361,0.1361,0.2602,0.1361,0.1361,0.1361,0.1067,0.1375,0.1375,0.1375,0.1375,0.0688,0.0688,0.0688,0.0688,0.0385,0.0385,0.0385,0.0385,0.0385,0.0385,0.0304,0.0343,0.0343,0.0299,0.0299,0.034,0.0404,0.038,0.0404,0.038,0.0404,0.038,0.0441,0.0355,0.0355,0.0355,0.0259,0.0259,0.0259,0.03,0.03,0.03,0.03,0.034,0.034,0.034,0.0143,0.0234,0.0234,0.0234,0.0234,0.0234,0.0234,0.0234,0.0234,0.0234,0.0283,0.0266,0.0283,0.0218,0.0319,0.0319,0.0319,0.0319,0.0319,0.0319,0.0319,0.0319,0.0319,0.0367,0.0367,0.0367
"W20001-28",0.0407,0.0407,0.0407,0.022,0.0339,0.0289,0.0196,0.0315,0.0156,0.0259,0.0259,0.0234,0.0234,0.0275,0.0275,0.0236,0.0236,0.0688,0.1361,0.1361,0.1361,0.1361,0.1361,0.2602,0.1361,0.1361,0.1067,0.1375,0.1375,0.1375,0.1375,0.0688,0.0688,0.0688,0.0688,0.0385,0.0385,0.0385,0.0385,0.0385,0.0385,0.0304,0.0343,0.0343,0.0299,0.0299,0.034,0.0404,0.038,0.0404,0.038,0.0404,0.038,0.0441,0.0355,0.0355,0.0355,0.0259,0.0259,0.0259,0.03,0.03,0.03,0.03,0.034,0.034,0.034,0.0143,0.0234,0.0234,0.0234,0.0234,0.0234,0.0234,0.0234,0.0234,0.0234,0.0283,0.0266,0.0283,0.0218,0.0319,0.0319,0.0319,0.0319,0.0319,0.0319,0.0319,0.0319,0.0319,0.0367,0.0367,0.0367
"W20001-29",0.0407,0.0407,0.0407,0.022,0.0339,0.0289,0.0196,0.0315,0.0156,0.0259,0.0259,0.0234,0.0234,0.0275,0.0275,0.0236,0.0236,0.0688,0.1361,0.1361,0.1361,0.1361,0.1361,0.1361,0.2602,0.1361,0.1067,0.1375,0.1375,0.1375,0.1375,0.0688,0.0688,0.0688,0.0688,0.0385,0.0385,0.0385,0.0385,0.0385,0.0385,0.0304,0.0343,0.0343,0.0299,0.0299,0.034,0.0404,0.038,0.0404,0.038,0.0404,0.038,0.0441,0.0355,0.0355,0.0355,0.0259,0.0259,0.0259,0.03,0.03,0.03,0.03,0.034,0.034,0.034,0.0143,0.0234,0.0234,0.0234,0.0234,0.0234,0.0234,0.0234,0.0234,0.0234,0.0283,0.0266,0.0283,0.0218,0.0319,0.0319,0.0319,0.0319,0.0319,0.0319,0.0319,0.0319,0.0319,0.0367,0.0367,0.0367
"W20001-7",0.0407,0.0407,0.0407,0.022,0.0339,0.0289,0.0196,0.0315,0.0156,0.0259,0.0259,0.0234,0.0234,0.0275,0.0275,0.0236,0.0236,0.0688,0.1361,0.1361,0.1361,0.1361,0.1361,0.1361,0.1361,0.2602,0.1067,0.1375,0.1375,0.1375,0.1375,0.0688,0.0688,0.0688,0.0688,0.0385,0.0385,0.0385,0.0385,0.0385,0.0385,0.0304,0.0343,0.0343,0.0299,0.0299,0.034,0.0404,0.038,0.0404,0.038,0.0404,0.038,0.0441,0.0355,0.0355,0.0355,0.0259,0.0259,0.0259,0.03,0.03,0.03,0.03,0.034,0.034,0.034,0.0143,0.0234,0.0234,0.0234,0.0234,0.0234,0.0234,0.0234,0.0234,0.0234,0.0283,0.0266,0.0283,0.0218,0.0319,0.0319,0.0319,0.0319,0.0319,0.0319,0.0319,0.0319,0.0319,0.0367,0.0367,0.0367
"W20002-4",0.057,0.057,0.057,0.02,0.026,0.0254,0.0265,0.0326,0.0227,0.0264,0.0264,0.0329,0.0329,0.0288,0.0288,0.0224,0.0224,0.0983,0.1067,0.1067,0.1067,0.1067,0.1067,0.1067,0.1067,0.1067,0.3202,0.1966,0.1966,0.1966,0.1966,0.0983,0.0983,0.0983,0.0983,0.0642,0.0642,0.0642,0.0642,0.0642,0.0642,0.0324,0.0536,0.0536,0.0302,0.0302,0.0556,0.0554,0.062,0.0554,0.062,0.0554,0.062,0.0757,0.0584,0.0584,0.0584,0.0264,0.0264,0.0264,0.0518,0.0518,0.0518,0.0518,0.0582,0.0582,0.0582,0.0206,0.0329,0.0329,0.0329,0.0329,0.0329,0.0329,0.0329,0.0329,0.0329,0.0344,0.046,0.0344,0.0248,0.0424,0.0424,0.0424,0.0424,0.0424,0.0424,0.0424,0.0424,0.0424,0.0587,0.0587,0.0587
"W20003-14",0.057,0.057,0.057,0.02,0.026,0.0254,0.0265,0.0326,0.0227,0.0264,0.0264,0.0329,0.0329,0.0288,0.0288,0.0224,0.0224,0.1292,0.1375,0.1375,0.1375,0.1375,0.1375,0.1375,0.1375,0.1375,0.1966,0.382,0.2584,0.2584,0.2584,0.1292,0.1292,0.1292,0.1292,0.0642,0.0642,0.0642,0.0642,0.0642,0.0642,0.0324,0.0536,0.0536,0.0302,0.0302,0.0556,0.0554,0.062,0.0554,0.062,0.0554,0.062,0.0757,0.0584,0.0584,0.0584,0.0264,0.0264,0.0264,0.0518,0.0518,0.0518,0.0518,0.0582,0.0582,0.0582,0.0206,0.0329,0.0329,0.0329,0.0329,0.0329,0.0329,0.0329,0.0329,0.0329,0.0344,0.046,0.0344,0.0248,0.0424,0.0424,0.0424,0.0424,0.0424,0.0424,0.0424,0.0424,0.0424,0.0587,0.0587,0.0587
"W20003-18",0.057,0.057,0.057,0.02,0.026,0.0254,0.0265,0.0326,0.0227,0.0264,0.0264,0.0329,0.0329,0.0288,0.0288,0.0224,0.0224,0.1292,0.1375,0.1375,0.1375,0.1375,0.1375,0.1375,0.1375,0.1375,0.1966,0.2584,0.382,0.2584,0.2584,0.1292,0.1292,0.1292,0.1292,0.0642,0.0642,0.0642,0.0642,0.0642,0.0642,0.0324,0.0536,0.0536,0.0302,0.0302,0.0556,0.0554,0.062,0.0554,0.062,0.0554,0.062,0.0757,0.0584,0.0584,0.0584,0.0264,0.0264,0.0264,0.0518,0.0518,0.0518,0.0518,0.0582,0.0582,0.0582,0.0206,0.0329,0.0329,0.0329,0.0329,0.0329,0.0329,0.0329,0.0329,0.0329,0.0344,0.046,0.0344,0.0248,0.0424,0.0424,0.0424,0.0424,0.0424,0.0424,0.0424,0.0424,0.0424,0.0587,0.0587,0.0587
"W20003-34",0.057,0.057,0.057,0.02,0.026,0.0254,0.0265,0.0326,0.0227,0.0264,0.0264,0.0329,0.0329,0.0288,0.0288,0.0224,0.0224,0.1292,0.1375,0.1375,0.1375,0.1375,0.1375,0.1375,0.1375,0.1375,0.1966,0.2584,0.2584,0.382,0.2584,0.1292,0.1292,0.1292,0.1292,0.0642,0.0642,0.0642,0.0642,0.0642,0.0642,0.0324,0.0536,0.0536,0.0302,0.0302,0.0556,0.0554,0.062,0.0554,0.062,0.0554,0.062,0.0757,0.0584,0.0584,0.0584,0.0264,0.0264,0.0264,0.0518,0.0518,0.0518,0.0518,0.0582,0.0582,0.0582,0.0206,0.0329,0.0329,0.0329,0.0329,0.0329,0.0329,0.0329,0.0329,0.0329,0.0344,0.046,0.0344,0.0248,0.0424,0.0424,0.0424,0.0424,0.0424,0.0424,0.0424,0.0424,0.0424,0.0587,0.0587,0.0587
"W20003-39",0.057,0.057,0.057,0.02,0.026,0.0254,0.0265,0.0326,0.0227,0.0264,0.0264,0.0329,0.0329,0.0288,0.0288,0.0224,0.0224,0.1292,0.1375,0.1375,0.1375,0.1375,0.1375,0.1375,0.1375,0.1375,0.1966,0.2584,0.2584,0.2584,0.382,0.1292,0.1292,0.1292,0.1292,0.0642,0.0642,0.0642,0.0642,0.0642,0.0642,0.0324,0.0536,0.0536,0.0302,0.0302,0.0556,0.0554,0.062,0.0554,0.062,0.0554,0.062,0.0757,0.0584,0.0584,0.0584,0.0264,0.0264,0.0264,0.0518,0.0518,0.0518,0.0518,0.0582,0.0582,0.0582,0.0206,0.0329,0.0329,0.0329,0.0329,0.0329,0.0329,0.0329,0.0329,0.0329,0.0344,0.046,0.0344,0.0248,0.0424,0.0424,0.0424,0.0424,0.0424,0.0424,0.0424,0.0424,0.0424,0.0587,0.0587,0.0587
"W20004-20",0.0285,0.0285,0.0285,0.01,0.013,0.0127,0.0133,0.0163,0.0114,0.0132,0.0132,0.0165,0.0165,0.0144,0.0144,0.0112,0.0112,0.1271,0.0688,0.0688,0.0688,0.0688,0.0688,0.0688,0.0688,0.0688,0.0983,0.1292,0.1292,0.1292,0.1292,0.2514,0.1271,0.1271,0.1271,0.0321,0.0321,0.0321,0.0321,0.0321,0.0321,0.0162,0.0268,0.0268,0.0151,0.0151,0.0278,0.0277,0.031,0.0277,0.031,0.0277,0.031,0.0379,0.0292,0.0292,0.0292,0.0132,0.0132,0.0132,0.0259,0.0259,0.0259,0.0259,0.0291,0.0291,0.0291,0.0103,0.0165,0.0165,0.0165,0.0165,0.0165,0.0165,0.0165,0.0165,0.0165,0.0172,0.023,0.0172,0.0124,0.0212,0.0212,0.0212,0.0212,0.0212,0.0212,0.0212,0.0212,0.0212,0.0294,0.0294,0.0294
"W20004-26",0.0285,0.0285,0.0285,0.01,0.013,0.0127,0.0133,0.0163,0.0114,0.0132,0.0132,0.0165,0.0165,0.0144,0.0144,0.0112,0.0112,0.1271,0.0688,0.0688,0.0688,0.0688,0.0688,0.0688,0.0688,0.0688,0.0983,0.1292,0.1292,0.1292,0.1292,0.1271,0.2514,0.1271,0.1271,0.0321,0.0321,0.0321,0.0321,0.0321,0.0321,0.0162,0.0268,0.0268,0.0151,0.0151,0.0278,0.0277,0.031,0.0277,0.031,0.0277,0.031,0.0379,0.0292,0.0292,0.0292,0.0132,0.0132,0.0132,0.0259,0.0259,0.0259,0.0259,0.0291,0.0291,0.0291,0.0103,0.0165,0.0165,0.0165,0.0165,0.0165,0.0165,0.0165,0.0165,0.0165,0.0172,0.023,0.0172,0.0124,0.0212,0.0212,0.0212,0.0212,0.0212,0.0212,0.0212,0.0212,0.0212,0.0294,0.0294,0.0294
"W20004-37",0.0285,0.0285,0.0285,0.01,0.013,0.0127,0.0133,0.0163,0.0114,0.0132,0.0132,0.0165,0.0165,0.0144,0.0144,0.0112,0.0112,0.1271,0.0688,0.0688,0.0688,0.0688,0.0688,0.0688,0.0688,0.0688,0.0983,0.1292,0.1292,0.1292,0.1292,0.1271,0.1271,0.2514,0.1271,0.0321,0.0321,0.0321,0.0321,0.0321,0.0321,0.0162,0.0268,0.0268,0.0151,0.0151,0.0278,0.0277,0.031,0.0277,0.031,0.0277,0.031,0.0379,0.0292,0.0292,0.0292,0.0132,0.0132,0.0132,0.0259,0.0259,0.0259,0.0259,0.0291,0.0291,0.0291,0.0103,0.0165,0.0165,0.0165,0.0165,0.0165,0.0165,0.0165,0.0165,0.0165,0.0172,0.023,0.0172,0.0124,0.0212,0.0212,0.0212,0.0212,0.0212,0.0212,0.0212,0.0212,0.0212,0.0294,0.0294,0.0294
"W20004-39",0.0285,0.0285,0.0285,0.01,0.013,0.0127,0.0133,0.0163,0.0114,0.0132,0.0132,0.0165,0.0165,0.0144,0.0144,0.0112,0.0112,0.1271,0.0688,0.0688,0.0688,0.0688,0.0688,0.0688,0.0688,0.0688,0.0983,0.1292,0.1292,0.1292,0.1292,0.1271,0.1271,0.1271,0.2514,0.0321,0.0321,0.0321,0.0321,0.0321,0.0321,0.0162,0.0268,0.0268,0.0151,0.0151,0.0278,0.0277,0.031,0.0277,0.031,0.0277,0.031,0.0379,0.0292,0.0292,0.0292,0.0132,0.0132,0.0132,0.0259,0.0259,0.0259,0.0259,0.0291,0.0291,0.0291,0.0103,0.0165,0.0165,0.0165,0.0165,0.0165,0.0165,0.0165,0.0165,0.0165,0.0172,0.023,0.0172,0.0124,0.0212,0.0212,0.0212,0.0212,0.0212,0.0212,0.0212,0.0212,0.0212,0.0294,0.0294,0.0294
"W20005-13",0.0541,0.0541,0.0541,0.0309,0.0357,0.0286,0.0583,0.063,0.0423,0.0361,0.0361,0.0634,0.0634,0.047,0.047,0.0419,0.0419,0.0321,0.0385,0.0385,0.0385,0.0385,0.0385,0.0385,0.0385,0.0385,0.0642,0.0642,0.0642,0.0642,0.0642,0.0321,0.0321,0.0321,0.0321,0.3086,0.1887,0.1887,0.1887,0.1887,0.1887,0.1105,0.0419,0.0419,0.0521,0.0521,0.0711,0.103,0.1303,0.103,0.1303,0.103,0.1303,0.1315,0.0935,0.0935,0.0935,0.0361,0.0361,0.0361,0.0551,0.0551,0.0551,0.0551,0.1143,0.1143,0.1143,0.0981,0.0634,0.0634,0.0634,0.0634,0.0634,0.0634,0.0634,0.0634,0.0634,0.0328,0.095,0.0328,0.039,0.0562,0.0562,0.0562,0.0562,0.0562,0.0562,0.0562,0.0562,0.0562,0.0718,0.0718,0.0718
"W20005-17",0.0541,0.0541,0.0541,0.0309,0.0357,0.0286,0.0583,0.063,0.0423,0.0361,0.0361,0.0634,0.0634,0.047,0.047,0.0419,0.0419,0.0321,0.0385,0.0385,0.0385,0.0385,0.0385,0.0385,0.0385,0.0385,0.0642,0.0642,0.0642,0.0642,0.0642,0.0321,0.0321,0.0321,0.0321,0.1887,0.3086,0.1887,0.1887,0.1887,0.1887,0.1105,0.0419,0.0419,0.0521,0.0521,0.0711,0.103,0.1303,0.103,0.1303,0.103,0.1303,0.1315,0.0935,0.0935,0.0935,0.0361,0.0361,0.0361,0.0551,0.0551,0.0551,0.0551,0.1143,0.1143,0.1143,0.0981,0.0634,0.0634,0.0634,0.0634,0.0634,0.0634,0.0634,0.0634,0.0634,0.0328,0.095,0.0328,0.039,0.0562,0.0562,0.0562,0.0562,0.0562,0.0562,0.0562,0.0562,0.0562,0.0718,0.0718,0.0718
"W20005-23",0.0541,0.0541,0.0541,0.0309,0.0357,0.0286,0.0583,0.063,0.0423,0.0361,0.0361,0.0634,0.0634,0.047,0.047,0.0419,0.0419,0.0321,0.0385,0.0385,0.0385,0.0385,0.0385,0.0385,0.0385,0.0385,0.0642,0.0642,0.0642,0.0642,0.0642,0.0321,0.0321,0.0321,0.0321,0.1887,0.1887,0.3086,0.1887,0.1887,0.1887,0.1105,0.0419,0.0419,0.0521,0.0521,0.0711,0.103,0.1303,0.103,0.1303,0.103,0.1303,0.1315,0.0935,0.0935,0.0935,0.0361,0.0361,0.0361,0.0551,0.0551,0.0551,0.0551,0.1143,0.1143,0.1143,0.0981,0.0634,0.0634,0.0634,0.0634,0.0634,0.0634,0.0634,0.0634,0.0634,0.0328,0.095,0.0328,0.039,0.0562,0.0562,0.0562,0.0562,0.0562,0.0562,0.0562,0.0562,0.0562,0.0718,0.0718,0.0718
"W20005-28",0.0541,0.0541,0.0541,0.0309,0.0357,0.0286,0.0583,0.063,0.0423,0.0361,0.0361,0.0634,0.0634,0.047,0.047,0.0419,0.0419,0.0321,0.0385,0.0385,0.0385,0.0385,0.0385,0.0385,0.0385,0.0385,0.0642,0.0642,0.0642,0.0642,0.0642,0.0321,0.0321,0.0321,0.0321,0.1887,0.1887,0.1887,0.3086,0.1887,0.1887,0.1105,0.0419,0.0419,0.0521,0.0521,0.0711,0.103,0.1303,0.103,0.1303,0.103,0.1303,0.1315,0.0935,0.0935,0.0935,0.0361,0.0361,0.0361,0.0551,0.0551,0.0551,0.0551,0.1143,0.1143,0.1143,0.0981,0.0634,0.0634,0.0634,0.0634,0.0634,0.0634,0.0634,0.0634,0.0634,0.0328,0.095,0.0328,0.039,0.0562,0.0562,0.0562,0.0562,0.0562,0.0562,0.0562,0.0562,0.0562,0.0718,0.0718,0.0718
"W20005-4",0.0541,0.0541,0.0541,0.0309,0.0357,0.0286,0.0583,0.063,0.0423,0.0361,0.0361,0.0634,0.0634,0.047,0.047,0.0419,0.0419,0.0321,0.0385,0.0385,0.0385,0.0385,0.0385,0.0385,0.0385,0.0385,0.0642,0.0642,0.0642,0.0642,0.0642,0.0321,0.0321,0.0321,0.0321,0.1887,0.1887,0.1887,0.1887,0.3086,0.1887,0.1105,0.0419,0.0419,0.0521,0.0521,0.0711,0.103,0.1303,0.103,0.1303,0.103,0.1303,0.1315,0.0935,0.0935,0.0935,0.0361,0.0361,0.0361,0.0551,0.0551,0.0551,0.0551,0.1143,0.1143,0.1143,0.0981,0.0634,0.0634,0.0634,0.0634,0.0634,0.0634,0.0634,0.0634,0.0634,0.0328,0.095,0.0328,0.039,0.0562,0.0562,0.0562,0.0562,0.0562,0.0562,0.0562,0.0562,0.0562,0.0718,0.0718,0.0718
"W20005-7",0.0541,0.0541,0.0541,0.0309,0.0357,0.0286,0.0583,0.063,0.0423,0.0361,0.0361,0.0634,0.0634,0.047,0.047,0.0419,0.0419,0.0321,0.0385,0.0385,0.0385,0.0385,0.0385,0.0385,0.0385,0.0385,0.0642,0.0642,0.0642,0.0642,0.0642,0.0321,0.0321,0.0321,0.0321,0.1887,0.1887,0.1887,0.1887,0.1887,0.3086,0.1105,0.0419,0.0419,0.0521,0.0521,0.0711,0.103,0.1303,0.103,0.1303,0.103,0.1303,0.1315,0.0935,0.0935,0.0935,0.0361,0.0361,0.0361,0.0551,0.0551,0.0551,0.0551,0.1143,0.1143,0.1143,0.0981,0.0634,0.0634,0.0634,0.0634,0.0634,0.0634,0.0634,0.0634,0.0634,0.0328,0.095,0.0328,0.039,0.0562,0.0562,0.0562,0.0562,0.0562,0.0562,0.0562,0.0562,0.0562,0.0718,0.0718,0.0718
"W20006-2",0.0473,0.0473,0.0473,0.0881,0.1087,0.0442,0.0477,0.0684,0.0355,0.095,0.095,0.0547,0.0547,0.0562,0.0562,0.0492,0.0492,0.0162,0.0304,0.0304,0.0304,0.0304,0.0304,0.0304,0.0304,0.0304,0.0324,0.0324,0.0324,0.0324,0.0324,0.0162,0.0162,0.0162,0.0162,0.1105,0.1105,0.1105,0.1105,0.1105,0.1105,0.2768,0.0228,0.0228,0.1072,0.1072,0.0441,0.1017,0.0613,0.1017,0.0613,0.1017,0.0613,0.0613,0.0548,0.0548,0.0548,0.095,0.095,0.095,0.0319,0.0319,0.0319,0.0319,0.0491,0.0491,0.0491,0.0826,0.0547,0.0547,0.0547,0.0547,0.0547,0.0547,0.0547,0.0547,0.0547,0.0367,0.0314,0.0367,0.0429,0.0551,0.0551,0.0551,0.0551,0.0551,0.0551,0.0551,0.0551,0.0551,0.0547,0.0547,0.0547
"W20012-1",0.0288,0.0288,0.0288,0.0162,0.0148,0.0268,0.0234,0.022,0.0175,0.0171,0.0171,0.0243,0.0243,0.016,0.016,0.0152,0.0152,0.0268,0.0343,0.0343,0.0343,0.0343,0.0343,0.0343,0.0343,0.0343,0.0536,0.0536,0.0536,0.0536,0.0536,0.0268,0.0268,0.0268,0.0268,0.0419,0.0419,0.0419,0.0419,0.0419,0.0419,0.0228,0.257,0.133,0.023,0.023,0.0818,0.0349,0.0421,0.0349,0.0421,0.0349,0.0421,0.0461,0.0833,0.0833,0.0833,0.0171,0.0171,0.0171,0.0759,0.0759,0.0759,0.0759,0.0361,0.0361,0.0361,0.0149,0.0243,0.0243,0.0243,0.0243,0.0243,0.0243,0.0243,0.0243,0.0243,0.0348,0.0288,0.0348,0.0152,0.0252,0.0252,0.0252,0.0252,0.0252,0.0252,0.0252,0.0252,0.0252,0.0346,0.0346,0.0346
"W20012-8",0.0288,0.0288,0.0288,0.0162,0.0148,0.0268,0.0234,0.022,0.0175,0.0171,0.0171,0.0243,0.0243,0.016,0.016,0.0152,0.0152,0.0268,0.0343,0.0343,0.0343,0.0343,0.0343,0.0343,0.0343,0.0343,0.0536,0.0536,0.0536,0.0536,0.0536,0.0268,0.0268,0.0268,0.0268,0.0419,0.0419,0.0419,0.0419,0.0419,0.0419,0.0228,0.133,0.257,0.023,0.023,0.0818,0.0349,0.0421,0.0349,0.0421,0.0349,0.0421,0.0461,0.0833,0.0833,0.0833,0.0171,0.0171,0.0171,0.0759,0.0759,0.0759,0.0759,0.0361,0.0361,0.0361,0.0149,0.0243,0.0243,0.0243,0.0243,0.0243,0.0243,0.0243,0.0243,0.0243,0.0348,0.0288,0.0348,0.0152,0.0252,0.0252,0.0252,0.0252,0.0252,0.0252,0.0252,0.0252,0.0252,0.0346,0.0346,0.0346
"W20015-11",0.0465,0.0465,0.0465,0.0982,0.1075,0.044,0.1061,0.1154,0.0451,0.0938,0.0938,0.1017,0.1017,0.0544,0.0544,0.0588,0.0588,0.0151,0.0299,0.0299,0.0299,0.0299,0.0299,0.0299,0.0299,0.0299,0.0302,0.0302,0.0302,0.0302,0.0302,0.0151,0.0151,0.0151,0.0151,0.0521,0.0521,0.0521,0.0521,0.0521,0.0521,0.1072,0.023,0.023,0.2754,0.1548,0.0925,0.0918,0.0997,0.0918,0.0997,0.0918,0.0997,0.0429,0.0524,0.0524,0.0524,0.0938,0.0938,0.0938,0.0315,0.0315,0.0315,0.0315,0.0387,0.0387,0.0387,0.0338,0.1017,0.1017,0.1017,0.1017,0.1017,0.1017,0.1017,0.1017,0.1017,0.0369,0.0221,0.0369,0.0425,0.0468,0.0468,0.0468,0.0468,0.0468,0.0468,0.0468,0.0468,0.0468,0.0529,0.0529,0.0529
"W20015-27",0.0465,0.0465,0.0465,0.0982,0.1075,0.044,0.1061,0.1154,0.0451,0.0938,0.0938,0.1017,0.1017,0.0544,0.0544,0.0588,0.0588,0.0151,0.0299,0.0299,0.0299,0.0299,0.0299,0.0299,0.0299,0.0299,0.0302,0.0302,0.0302,0.0302,0.0302,0.0151,0.0151,0.0151,0.0151,0.0521,0.0521,0.0521,0.0521,0.0521,0.0521,0.1072,0.023,0.023,0.1548,0.2754,0.0925,0.0918,0.0997,0.0918,0.0997,0.0918,0.0997,0.0429,0.0524,0.0524,0.0524,0.0938,0.0938,0.0938,0.0315,0.0315,0.0315,0.0315,0.0387,0.0387,0.0387,0.0338,0.1017,0.1017,0.1017,0.1017,0.1017,0.1017,0.1017,0.1017,0.1017,0.0369,0.0221,0.0369,0.0425,0.0468,0.0468,0.0468,0.0468,0.0468,0.0468,0.0468,0.0468,0.0468,0.0529,0.0529,0.0529
"W20016-3",0.0466,0.0466,0.0466,0.0373,0.0292,0.0241,0.1093,0.1013,0.0463,0.0294,0.0294,0.1015,0.1015,0.0382,0.0382,0.0461,0.0461,0.0278,0.034,0.034,0.034,0.034,0.034,0.034,0.034,0.034,0.0556,0.0556,0.0556,0.0556,0.0556,0.0278,0.0278,0.0278,0.0278,0.0711,0.0711,0.0711,0.0711,0.0711,0.0711,0.0441,0.0818,0.0818,0.0925,0.0925,0.2767,0.0475,0.1195,0.0475,0.1195,0.0475,0.1195,0.066,0.1165,0.1165,0.1165,0.0294,0.0294,0.0294,0.0927,0.0927,0.0927,0.0927,0.0565,0.0565,0.0565,0.0339,0.1015,0.1015,0.1015,0.1015,0.1015,0.1015,0.1015,0.1015,0.1015,0.028,0.0414,0.028,0.0328,0.0423,0.0423,0.0423,0.0423,0.0423,0.0423,0.0423,0.0423,0.0423,0.0631,0.0631,0.0631
"W20017-15",0.0504,0.0504,0.0504,0.0799,0.0945,0.0333,0.0341,0.0487,0.0261,0.0838,0.0838,0.038,0.038,0.0407,0.0407,0.0368,0.0368,0.0277,0.0404,0.0404,0.0404,0.0404,0.0404,0.0404,0.0404,0.0404,0.0554,0.0554,0.0554,0.0554,0.0554,0.0277,0.0277,0.0277,0.0277,0.103,0.103,0.103,0.103,0.103,0.103,0.1017,0.0349,0.0349,0.0918,0.0918,0.0475,0.2617,0.0931,0.1389,0.0931,0.1389,0.0931,0.0926,0.0584,0.0584,0.0584,0.0838,0.0838,0.0838,0.0394,0.0394,0.0394,0.0394,0.0851,0.0851,0.0851,0.0329,0.038,0.038,0.038,0.038,0.038,0.038,0.038,0.038,0.038,0.0273,0.0728,0.0273,0.0309,0.0384,0.0384,0.0384,0.0384,0.0384,0.0384,0.0384,0.0384,0.0384,0.0439,0.0439,0.0439
"W20017-17",0.0533,0.0533,0.0533,0.0411,0.0345,0.0284,0.1166,0.11,0.0518,0.0349,0.0349,0.1104,0.1104,0.0452,0.0452,0.0514,0.0514,0.031,0.038,0.038,0.038,0.038,0.038,0.038,0.038,0.038,0.062,0.062,0.062,0.062,0.062,0.031,0.031,0.031,0.031,0.1303,0.1303,0.1303,0.1303,0.1303,0.1303,0.0613,0.0421,0.0421,0.0997,0.0997,0.1195,0.0931,0.2889,0.0931,0.1687,0.0931,0.1687,0.1132,0.0911,0.0911,0.0911,0.0349,0.0349,0.0349,0.0547,0.0547,0.0547,0.0547,0.1039,0.1039,0.1039,0.0493,0.1104,0.1104,0.1104,0.1104,0.1104,0.1104,0.1104,0.1104,0.1104,0.033,0.0857,0.033,0.0386,0.0479,0.0479,0.0479,0.0479,0.0479,0.0479,0.0479,0.0479,0.0479,0.07,0.07,0.07
"W20017-28",0.0504,0.0504,0.0504,0.0799,0.0945,0.0333,0.0341,0.0487,0.0261,0.0838,0.0838,0.038,0.038,0.0407,0.0407,0.0368,0.0368,0.0277,0.0404,0.0404,0.0404,0.0404,0.0404,0.0404,0.0404,0.0404,0.0554,0.0554,0.0554,0.0554,0.0554,0.0277,0.0277,0.0277,0.0277,0.103,0.103,0.103,0.103,0.103,0.103,0.1017,0.0349,0.0349,0.0918,0.0918,0.0475,0.1389,0.0931,0.2617,0.0931,0.1389,0.0931,0.0926,0.0584,0.0584,0.0584,0.0838,0.0838,0.0838,0.0394,0.0394,0.0394,0.0394,0.0851,0.0851,0.0851,0.0329,0.038,0.038,0.038,0.038,0.038,0.038,0.038,0.038,0.038,0.0273,0.0728,0.0273,0.0309,0.0384,0.0384,0.0384,0.0384,0.0384,0.0384,0.0384,0.0384,0.0384,0.0439,0.0439,0.0439
"W20017-3",0.0533,0.0533,0.0533,0.0411,0.0345,0.0284,0.1166,0.11,0.0518,0.0349,0.0349,0.1104,0.1104,0.0452,0.0452,0.0514,0.0514,0.031,0.038,0.038,0.038,0.038,0.038,0.038,0.038,0.038,0.062,0.062,0.062,0.062,0.062,0.031,0.031,0.031,0.031,0.1303,0.1303,0.1303,0.1303,0.1303,0.1303,0.0613,0.0421,0.0421,0.0997,0.0997,0.1195,0.0931,0.1687,0.0931,0.2889,0.0931,0.1687,0.1132,0.0911,0.0911,0.0911,0.0349,0.0349,0.0349,0.0547,0.0547,0.0547,0.0547,0.1039,0.1039,0.1039,0.0493,0.1104,0.1104,0.1104,0.1104,0.1104,0.1104,0.1104,0.1104,0.1104,0.033,0.0857,0.033,0.0386,0.0479,0.0479,0.0479,0.0479,0.0479,0.0479,0.0479,0.0479,0.0479,0.07,0.07,0.07
"W20017-32",0.0504,0.0504,0.0504,0.0799,0.0945,0.0333,0.0341,0.0487,0.0261,0.0838,0.0838,0.038,0.038,0.0407,0.0407,0.0368,0.0368,0.0277,0.0404,0.0404,0.0404,0.0404,0.0404,0.0404,0.0404,0.0404,0.0554,0.0554,0.0554,0.0554,0.0554,0.0277,0.0277,0.0277,0.0277,0.103,0.103,0.103,0.103,0.103,0.103,0.1017,0.0349,0.0349,0.0918,0.0918,0.0475,0.1389,0.0931,0.1389,0.0931,0.2617,0.0931,0.0926,0.0584,0.0584,0.0584,0.0838,0.0838,0.0838,0.0394,0.0394,0.0394,0.0394,0.0851,0.0851,0.0851,0.0329,0.038,0.038,0.038,0.038,0.038,0.038,0.038,0.038,0.038,0.0273,0.0728,0.0273,0.0309,0.0384,0.0384,0.0384,0.0384,0.0384,0.0384,0.0384,0.0384,0.0384,0.0439,0.0439,0.0439
"W20017-8",0.0533,0.0533,0.0533,0.0411,0.0345,0.0284,0.1166,0.11,0.0518,0.0349,0.0349,0.1104,0.1104,0.0452,0.0452,0.0514,0.0514,0.031,0.038,0.038,0.038,0.038,0.038,0.038,0.038,0.038,0.062,0.062,0.062,0.062,0.062,0.031,0.031,0.031,0.031,0.1303,0.1303,0.1303,0.1303,0.1303,0.1303,0.0613,0.0421,0.0421,0.0997,0.0997,0.1195,0.0931,0.1687,0.0931,0.1687,0.0931,0.2889,0.1132,0.0911,0.0911,0.0911,0.0349,0.0349,0.0349,0.0547,0.0547,0.0547,0.0547,0.1039,0.1039,0.1039,0.0493,0.1104,0.1104,0.1104,0.1104,0.1104,0.1104,0.1104,0.1104,0.1104,0.033,0.0857,0.033,0.0386,0.0479,0.0479,0.0479,0.0479,0.0479,0.0479,0.0479,0.0479,0.0479,0.07,0.07,0.07
"W20019-1",0.0547,0.0547,0.0547,0.0248,0.0314,0.0286,0.0454,0.052,0.0322,0.0297,0.0297,0.0503,0.0503,0.0388,0.0388,0.0338,0.0338,0.0379,0.0441,0.0441,0.0441,0.0441,0.0441,0.0441,0.0441,0.0441,0.0757,0.0757,0.0757,0.0757,0.0757,0.0379,0.0379,0.0379,0.0379,0.1315,0.1315,0.1315,0.1315,0.1315,0.1315,0.0613,0.0461,0.0461,0.0429,0.0429,0.066,0.0926,0.1132,0.0926,0.1132,0.0926,0.1132,0.2864,0.0773,0.0773,0.0773,0.0297,0.0297,0.0297,0.0529,0.0529,0.0529,0.0529,0.1,0.1,0.1,0.0501,0.0503,0.0503,0.0503,0.0503,0.0503,0.0503,0.0503,0.0503,0.0503,0.0343,0.0848,0.0343,0.0321,0.0664,0.0664,0.0664,0.0664,0.0664,0.0664,0.0664,0.0664,0.0664,0.084,0.084,0.084
"W20020-1",0.0457,0.0457,0.0457,0.0266,0.0281,0.0233,0.0593,0.0608,0.0361,0.0292,0.0292,0.062,0.062,0.0376,0.0376,0.035,0.035,0.0292,0.0355,0.0355,0.0355,0.0355,0.0355,0.0355,0.0355,0.0355,0.0584,0.0584,0.0584,0.0584,0.0584,0.0292,0.0292,0.0292,0.0292,0.0935,0.0935,0.0935,0.0935,0.0935,0.0935,0.0548,0.0833,0.0833,0.0524,0.0524,0.1165,0.0584,0.0911,0.0584,0.0911,0.0584,0.0911,0.0773,0.2795,0.1595,0.1595,0.0292,0.0292,0.0292,0.0933,0.0933,0.0933,0.0933,0.0679,0.0679,0.0679,0.045,0.062,0.062,0.062,0.062,0.062,0.062,0.062,0.062,0.062,0.0283,0.0528,0.0283,0.0327,0.0421,0.0421,0.0421,0.0421,0.0421,0.0421,0.0421,0.0421,0.0421,0.0643,0.0643,0.0643
"W20020-12",0.0457,0.0457,0.0457,0.0266,0.0281,0.0233,0.0593,0.0608,0.0361,0.0292,0.0292,0.062,0.062,0.0376,0.0376,0.035,0.035,0.0292,0.0355,0.0355,0.0355,0.0355,0.0355,0.0355,0.0355,0.0355,0.0584,0.0584,0.0584,0.0584,0.0584,0.0292,0.0292,0.0292,0.0292,0.0935,0.0935,0.0935,0.0935,0.0935,0.0935,0.0548,0.0833,0.0833,0.0524,0.0524,0.1165,0.0584,0.0911,0.0584,0.0911,0.0584,0.0911,0.0773,0.1595,0.2795,0.1595,0.0292,0.0292,0.0292,0.0933,0.0933,0.0933,0.0933,0.0679,0.0679,0.0679,0.045,0.062,0.062,0.062,0.062,0.062,0.062,0.062,0.062,0.062,0.0283,0.0528,0.0283,0.0327,0.0421,0.0421,0.0421,0.0421,0.0421,0.0421,0.0421,0.0421,0.0421,0.0643,0.0643,0.0643
"W20020-16",0.0457,0.0457,0.0457,0.0266,0.0281,0.0233,0.0593,0.0608,0.0361,0.0292,0.0292,0.062,0.062,0.0376,0.0376,0.035,0.035,0.0292,0.0355,0.0355,0.0355,0.0355,0.0355,0.0355,0.0355,0.0355,0.0584,0.0584,0.0584,0.0584,0.0584,0.0292,0.0292,0.0292,0.0292,0.0935,0.0935,0.0935,0.0935,0.0935,0.0935,0.0548,0.0833,0.0833,0.0524,0.0524,0.1165,0.0584,0.0911,0.0584,0.0911,0.0584,0.0911,0.0773,0.1595,0.1595,0.2795,0.0292,0.0292,0.0292,0.0933,0.0933,0.0933,0.0933,0.0679,0.0679,0.0679,0.045,0.062,0.062,0.062,0.062,0.062,0.062,0.062,0.062,0.062,0.0283,0.0528,0.0283,0.0327,0.0421,0.0421,0.0421,0.0421,0.0421,0.0421,0.0421,0.0421,0.0421,0.0643,0.0643,0.0643
"W20022-2",0.0409,0.0409,0.0409,0.082,0.1019,0.0462,0.0331,0.053,0.0822,0.1429,0.1429,0.094,0.094,0.1021,0.1021,0.0411,0.0411,0.0132,0.0259,0.0259,0.0259,0.0259,0.0259,0.0259,0.0259,0.0259,0.0264,0.0264,0.0264,0.0264,0.0264,0.0132,0.0132,0.0132,0.0132,0.0361,0.0361,0.0361,0.0361,0.0361,0.0361,0.095,0.0171,0.0171,0.0938,0.0938,0.0294,0.0838,0.0349,0.0838,0.0349,0.0838,0.0349,0.0297,0.0292,0.0292,0.0292,0.2661,0.1429,0.1429,0.0785,0.0785,0.0785,0.0785,0.084,0.084,0.084,0.0237,0.094,0.094,0.094,0.094,0.094,0.094,0.094,0.094,0.094,0.0847,0.015,0.0847,0.0899,0.0357,0.0357,0.0357,0.0357,0.0357,0.0357,0.0357,0.0357,0.0357,0.0309,0.0309,0.0309
"W20022-5",0.0409,0.0409,0.0409,0.082,0.1019,0.0462,0.0331,0.053,0.0822,0.1429,0.1429,0.094,0.094,0.1021,0.1021,0.0411,0.0411,0.0132,0.0259,0.0259,0.0259,0.0259,0.0259,0.0259,0.0259,0.0259,0.0264,0.0264,0.0264,0.0264,0.0264,0.0132,0.0132,0.0132,0.0132,0.0361,0.0361,0.0361,0.0361,0.0361,0.0361,0.095,0.0171,0.0171,0.0938,0.0938,0.0294,0.0838,0.0349,0.0838,0.0349,0.0838,0.0349,0.0297,0.0292,0.0292,0.0292,0.1429,0.2661,0.1429,0.0785,0.0785,0.0785,0.0785,0.084,0.084,0.084,0.0237,0.094,0.094,0.094,0.094,0.094,0.094,0.094,0.094,0.094,0.0847,0.015,0.0847,0.0899,0.0357,0.0357,0.0357,0.0357,0.0357,0.0357,0.0357,0.0357,0.0357,0.0309,0.0309,0.0309
"W20022-8",0.0409,0.0409,0.0409,0.082,0.1019,0.0462,0.0331,0.053,0.0822,0.1429,0.1429,0.094,0.094,0.1021,0.1021,0.0411,0.0411,0.0132,0.0259,0.0259,0.0259,0.0259,0.0259,0.0259,0.0259,0.0259,0.0264,0.0264,0.0264,0.0264,0.0264,0.0132,0.0132,0.0132,0.0132,0.0361,0.0361,0.0361,0.0361,0.0361,0.0361,0.095,0.0171,0.0171,0.0938,0.0938,0.0294,0.0838,0.0349,0.0838,0.0349,0.0838,0.0349,0.0297,0.0292,0.0292,0.0292,0.1429,0.1429,0.2661,0.0785,0.0785,0.0785,0.0785,0.084,0.084,0.084,0.0237,0.094,0.094,0.094,0.094,0.094,0.094,0.094,0.094,0.094,0.0847,0.015,0.0847,0.0899,0.0357,0.0357,0.0357,0.0357,0.0357,0.0357,0.0357,0.0357,0.0357,0.0309,0.0309,0.0309
"W20023-10",0.0411,0.0411,0.0411,0.021,0.0236,0.0263,0.0363,0.0389,0.0833,0.0785,0.0785,0.0938,0.0938,0.0859,0.0859,0.0284,0.0284,0.0259,0.03,0.03,0.03,0.03,0.03,0.03,0.03,0.03,0.0518,0.0518,0.0518,0.0518,0.0518,0.0259,0.0259,0.0259,0.0259,0.0551,0.0551,0.0551,0.0551,0.0551,0.0551,0.0319,0.0759,0.0759,0.0315,0.0315,0.0927,0.0394,0.0547,0.0394,0.0547,0.0394,0.0547,0.0529,0.0933,0.0933,0.0933,0.0785,0.0785,0.0785,0.2632,0.1397,0.1397,0.1397,0.1017,0.1017,0.1017,0.0238,0.0938,0.0938,0.0938,0.0938,0.0938,0.0938,0.0938,0.0938,0.0938,0.0758,0.0342,0.0758,0.0801,0.0312,0.0312,0.0312,0.0312,0.0312,0.0312,0.0312,0.0312,0.0312,0.041,0.041,0.041
"W20023-12",0.0411,0.0411,0.0411,0.021,0.0236,0.0263,0.0363,0.0389,0.0833,0.0785,0.0785,0.0938,0.0938,0.0859,0.0859,0.0284,0.0284,0.0259,0.03,0.03,0.03,0.03,0.03,0.03,0.03,0.03,0.0518,0.0518,0.0518,0.0518,0.0518,0.0259,0.0259,0.0259,0.0259,0.0551,0.0551,0.0551,0.0551,0.0551,0.0551,0.0319,0.0759,0.0759,0.0315,0.0315,0.0927,0.0394,0.0547,0.0394,0.0547,0.0394,0.0547,0.0529,0.0933,0.0933,0.0933,0.0785,0.0785,0.0785,0.1397,0.2632,0.1397,0.1397,0.1017,0.1017,0.1017,0.0238,0.0938,0.0938,0.0938,0.0938,0.0938,0.0938,0.0938,0.0938,0.0938,0.0758,0.0342,0.0758,0.0801,0.0312,0.0312,0.0312,0.0312,0.0312,0.0312,0.0312,0.0312,0.0312,0.041,0.041,0.041
"W20023-2",0.0411,0.0411,0.0411,0.021,0.0236,0.0263,0.0363,0.0389,0.0833,0.0785,0.0785,0.0938,0.0938,0.0859,0.0859,0.0284,0.0284,0.0259,0.03,0.03,0.03,0.03,0.03,0.03,0.03,0.03,0.0518,0.0518,0.0518,0.0518,0.0518,0.0259,0.0259,0.0259,0.0259,0.0551,0.0551,0.0551,0.0551,0.0551,0.0551,0.0319,0.0759,0.0759,0.0315,0.0315,0.0927,0.0394,0.0547,0.0394,0.0547,0.0394,0.0547,0.0529,0.0933,0.0933,0.0933,0.0785,0.0785,0.0785,0.1397,0.1397,0.2632,0.1397,0.1017,0.1017,0.1017,0.0238,0.0938,0.0938,0.0938,0.0938,0.0938,0.0938,0.0938,0.0938,0.0938,0.0758,0.0342,0.0758,0.0801,0.0312,0.0312,0.0312,0.0312,0.0312,0.0312,0.0312,0.0312,0.0312,0.041,0.041,0.041
"W20023-7",0.0411,0.0411,0.0411,0.021,0.0236,0.0263,0.0363,0.0389,0.0833,0.0785,0.0785,0.0938,0.0938,0.0859,0.0859,0.0284,0.0284,0.0259,0.03,0.03,0.03,0.03,0.03,0.03,0.03,0.03,0.0518,0.0518,0.0518,0.0518,0.0518,0.0259,0.0259,0.0259,0.0259,0.0551,0.0551,0.0551,0.0551,0.0551,0.0551,0.0319,0.0759,0.0759,0.0315,0.0315,0.0927,0.0394,0.0547,0.0394,0.0547,0.0394,0.0547,0.0529,0.0933,0.0933,0.0933,0.0785,0.0785,0.0785,0.1397,0.1397,0.1397,0.2632,0.1017,0.1017,0.1017,0.0238,0.0938,0.0938,0.0938,0.0938,0.0938,0.0938,0.0938,0.0938,0.0938,0.0758,0.0342,0.0758,0.0801,0.0312,0.0312,0.0312,0.0312,0.0312,0.0312,0.0312,0.0312,0.0312,0.041,0.041,0.041
"W20024-1",0.0478,0.0478,0.0478,0.0248,0.0288,0.0306,0.0436,0.0476,0.0889,0.084,0.084,0.1028,0.1028,0.0929,0.0929,0.0338,0.0338,0.0291,0.034,0.034,0.034,0.034,0.034,0.034,0.034,0.034,0.0582,0.0582,0.0582,0.0582,0.0582,0.0291,0.0291,0.0291,0.0291,0.1143,0.1143,0.1143,0.1143,0.1143,0.1143,0.0491,0.0361,0.0361,0.0387,0.0387,0.0565,0.0851,0.1039,0.0851,0.1039,0.0851,0.1039,0.1,0.0679,0.0679,0.0679,0.084,0.084,0.084,0.1017,0.1017,0.1017,0.1017,0.2719,0.1492,0.1492,0.0392,0.1028,0.1028,0.1028,0.1028,0.1028,0.1028,0.1028,0.1028,0.1028,0.0808,0.0786,0.0808,0.086,0.0368,0.0368,0.0368,0.0368,0.0368,0.0368,0.0368,0.0368,0.0368,0.0479,0.0479,0.0479
"W20024-12",0.0478,0.0478,0.0478,0.0248,0.0288,0.0306,0.0436,0.0476,0.0889,0.084,0.084,0.1028,0.1028,0.0929,0.0929,0.0338,0.0338,0.0291,0.034,0.034,0.034,0.034,0.034,0.034,0.034,0.034,0.0582,0.0582,0.0582,0.0582,0.0582,0.0291,0.0291,0.0291,0.0291,0.1143,0.1143,0.1143,0.1143,0.1143,0.1143,0.0491,0.0361,0.0361,0.0387,0.0387,0.0565,0.0851,0.1039,0.0851,0.1039,0.0851,0.1039,0.1,0.0679,0.0679,0.0679,0.084,0.084,0.084,0.1017,0.1017,0.1017,0.1017,0.1492,0.2719,0.1492,0.0392,0.1028,0.1028,0.1028,0.1028,0.1028,0.1028,0.1028,0.1028,0.1028,0.0808,0.0786,0.0808,0.086,0.0368,0.0368,0.0368,0.0368,0.0368,0.0368,0.0368,0.0368,0.0368,0.0479,0.0479,0.0479
"W20024-15",0.0478,0.0478,0.0478,0.0248,0.0288,0.0306,0.0436,0.0476,0.0889,0.084,0.084,0.1028,0.1028,0.0929,0.0929,0.0338,0.0338,0.0291,0.034,0.034,0.034,0.034,0.034,0.034,0.034,0.034,0.0582,0.0582,0.0582,0.0582,0.0582,0.0291,0.0291,0.0291,0.0291,0.1143,0.1143,0.1143,0.1143,0.1143,0.1143,0.0491,0.0361,0.0361,0.0387,0.0387,0.0565,0.0851,0.1039,0.0851,0.1039,0.0851,0.1039,0.1,0.0679,0.0679,0.0679,0.084,0.084,0.084,0.1017,0.1017,0.1017,0.1017,0.1492,0.1492,0.2719,0.0392,0.1028,0.1028,0.1028,0.1028,0.1028,0.1028,0.1028,0.1028,0.1028,0.0808,0.0786,0.0808,0.086,0.0368,0.0368,0.0368,0.0368,0.0368,0.0368,0.0368,0.0368,0.0368,0.0479,0.0479,0.0479
"W20029-1",0.0255,0.0255,0.0255,0.0196,0.025,0.0197,0.036,0.0414,0.0259,0.0237,0.0237,0.0401,0.0401,0.0312,0.0312,0.0272,0.0272,0.0103,0.0143,0.0143,0.0143,0.0143,0.0143,0.0143,0.0143,0.0143,0.0206,0.0206,0.0206,0.0206,0.0206,0.0103,0.0103,0.0103,0.0103,0.0981,0.0981,0.0981,0.0981,0.0981,0.0981,0.0826,0.0149,0.0149,0.0338,0.0338,0.0339,0.0329,0.0493,0.0329,0.0493,0.0329,0.0493,0.0501,0.045,0.045,0.045,0.0237,0.0237,0.0237,0.0238,0.0238,0.0238,0.0238,0.0392,0.0392,0.0392,0.2576,0.0401,0.0401,0.0401,0.0401,0.0401,0.0401,0.0401,0.0401,0.0401,0.0211,0.0268,0.0211,0.0255,0.0365,0.0365,0.0365,0.0365,0.0365,0.0365,0.0365,0.0365,0.0365,0.0413,0.0413,0.0413
"W20031-13",0.0439,0.0439,0.0439,0.0432,0.0418,0.0413,0.1156,0.1143,0.1079,0.094,0.094,0.1665,0.1665,0.1066,0.1066,0.0558,0.0558,0.0165,0.0234,0.0234,0.0234,0.0234,0.0234,0.0234,0.0234,0.0234,0.0329,0.0329,0.0329,0.0329,0.0329,0.0165,0.0165,0.0165,0.0165,0.0634,0.0634,0.0634,0.0634,0.0634,0.0634,0.0547,0.0243,0.0243,0.1017,0.1017,0.1015,0.038,0.1104,0.038,0.1104,0.038,0.1104,0.0503,0.062,0.062,0.062,0.094,0.094,0.094,0.0938,0.0938,0.0938,0.0938,0.1028,0.1028,0.1028,0.0401,0.287,0.1665,0.1665,0.1665,0.1665,0.1665,0.1665,0.1665,0.1665,0.0904,0.0279,0.0904,0.0976,0.0451,0.0451,0.0451,0.0451,0.0451,0.0451,0.0451,0.0451,0.0451,0.057,0.057,0.057
"W20031-16",0.0439,0.0439,0.0439,0.0432,0.0418,0.0413,0.1156,0.1143,0.1079,0.094,0.094,0.1665,0.1665,0.1066,0.1066,0.0558,0.0558,0.0165,0.0234,0.0234,0.0234,0.0234,0.0234,0.0234,0.0234,0.0234,0.0329,0.0329,0.0329,0.0329,0.0329,0.0165,0.0165,0.0165,0.0165,0.0634,0.0634,0.0634,0.0634,0.0634,0.0634,0.0547,0.0243,0.0243,0.1017,0.1017,0.1015,0.038,0.1104,0.038,0.1104,0.038,0.1104,0.0503,0.062,0.062,0.062,0.094,0.094,0.094,0.0938,0.0938,0.0938,0.0938,0.1028,0.1028,0.1028,0.0401,0.1665,0.287,0.1665,0.1665,0.1665,0.1665,0.1665,0.1665,0.1665,0.0904,0.0279,0.0904,0.0976,0.0451,0.0451,0.0451,0.0451,0.0451,0.0451,0.0451,0.0451,0.0451,0.057,0.057,0.057
"W20031-22",0.0439,0.0439,0.0439,0.0432,0.0418,0.0413,0.1156,0.1143,0.1079,0.094,0.094,0.1665,0.1665,0.1066,0.1066,0.0558,0.0558,0.0165,0.0234,0.0234,0.0234,0.0234,0.0234,0.0234,0.0234,0.0234,0.0329,0.0329,0.0329,0.0329,0.0329,0.0165,0.0165,0.0165,0.0165,0.0634,0.0634,0.0634,0.0634,0.0634,0.0634,0.0547,0.0243,0.0243,0.1017,0.1017,0.1015,0.038,0.1104,0.038,0.1104,0.038,0.1104,0.0503,0.062,0.062,0.062,0.094,0.094,0.094,0.0938,0.0938,0.0938,0.0938,0.1028,0.1028,0.1028,0.0401,0.1665,0.1665,0.287,0.1665,0.1665,0.1665,0.1665,0.1665,0.1665,0.0904,0.0279,0.0904,0.0976,0.0451,0.0451,0.0451,0.0451,0.0451,0.0451,0.0451,0.0451,0.0451,0.057,0.057,0.057
"W20031-24",0.0439,0.0439,0.0439,0.0432,0.0418,0.0413,0.1156,0.1143,0.1079,0.094,0.094,0.1665,0.1665,0.1066,0.1066,0.0558,0.0558,0.0165,0.0234,0.0234,0.0234,0.0234,0.0234,0.0234,0.0234,0.0234,0.0329,0.0329,0.0329,0.0329,0.0329,0.0165,0.0165,0.0165,0.0165,0.0634,0.0634,0.0634,0.0634,0.0634,0.0634,0.0547,0.0243,0.0243,0.1017,0.1017,0.1015,0.038,0.1104,0.038,0.1104,0.038,0.1104,0.0503,0.062,0.062,0.062,0.094,0.094,0.094,0.0938,0.0938,0.0938,0.0938,0.1028,0.1028,0.1028,0.0401,0.1665,0.1665,0.1665,0.287,0.1665,0.1665,0.1665,0.1665,0.1665,0.0904,0.0279,0.0904,0.0976,0.0451,0.0451,0.0451,0.0451,0.0451,0.0451,0.0451,0.0451,0.0451,0.057,0.057,0.057
"W20031-31",0.0439,0.0439,0.0439,0.0432,0.0418,0.0413,0.1156,0.1143,0.1079,0.094,0.094,0.1665,0.1665,0.1066,0.1066,0.0558,0.0558,0.0165,0.0234,0.0234,0.0234,0.0234,0.0234,0.0234,0.0234,0.0234,0.0329,0.0329,0.0329,0.0329,0.0329,0.0165,0.0165,0.0165,0.0165,0.0634,0.0634,0.0634,0.0634,0.0634,0.0634,0.0547,0.0243,0.0243,0.1017,0.1017,0.1015,0.038,0.1104,0.038,0.1104,0.038,0.1104,0.0503,0.062,0.062,0.062,0.094,0.094,0.094,0.0938,0.0938,0.0938,0.0938,0.1028,0.1028,0.1028,0.0401,0.1665,0.1665,0.1665,0.1665,0.287,0.1665,0.1665,0.1665,0.1665,0.0904,0.0279,0.0904,0.0976,0.0451,0.0451,0.0451,0.0451,0.0451,0.0451,0.0451,0.0451,0.0451,0.057,0.057,0.057
"W20031-37",0.0439,0.0439,0.0439,0.0432,0.0418,0.0413,0.1156,0.1143,0.1079,0.094,0.094,0.1665,0.1665,0.1066,0.1066,0.0558,0.0558,0.0165,0.0234,0.0234,0.0234,0.0234,0.0234,0.0234,0.0234,0.0234,0.0329,0.0329,0.0329,0.0329,0.0329,0.0165,0.0165,0.0165,0.0165,0.0634,0.0634,0.0634,0.0634,0.0634,0.0634,0.0547,0.0243,0.0243,0.1017,0.1017,0.1015,0.038,0.1104,0.038,0.1104,0.038,0.1104,0.0503,0.062,0.062,0.062,0.094,0.094,0.094,0.0938,0.0938,0.0938,0.0938,0.1028,0.1028,0.1028,0.0401,0.1665,0.1665,0.1665,0.1665,0.1665,0.287,0.1665,0.1665,0.1665,0.0904,0.0279,0.0904,0.0976,0.0451,0.0451,0.0451,0.0451,0.0451,0.0451,0.0451,0.0451,0.0451,0.057,0.057,0.057
"W20031-42",0.0439,0.0439,0.0439,0.0432,0.0418,0.0413,0.1156,0.1143,0.1079,0.094,0.094,0.1665,0.1665,0.1066,0.1066,0.0558,0.0558,0.0165,0.0234,0.0234,0.0234,0.0234,0.0234,0.0234,0.0234,0.0234,0.0329,0.0329,0.0329,0.0329,0.0329,0.0165,0.0165,0.0165,0.0165,0.0634,0.0634,0.0634,0.0634,0.0634,0.0634,0.0547,0.0243,0.0243,0.1017,0.1017,0.1015,0.038,0.1104,0.038,0.1104,0.038,0.1104,0.0503,0.062,0.062,0.062,0.094,0.094,0.094,0.0938,0.0938,0.0938,0.0938,0.1028,0.1028,0.1028,0.0401,0.1665,0.1665,0.1665,0.1665,0.1665,0.1665,0.287,0.1665,0.1665,0.0904,0.0279,0.0904,0.0976,0.0451,0.0451,0.0451,0.0451,0.0451,0.0451,0.0451,0.0451,0.0451,0.057,0.057,0.057
"W20031-64",0.0439,0.0439,0.0439,0.0432,0.0418,0.0413,0.1156,0.1143,0.1079,0.094,0.094,0.1665,0.1665,0.1066,0.1066,0.0558,0.0558,0.0165,0.0234,0.0234,0.0234,0.0234,0.0234,0.0234,0.0234,0.0234,0.0329,0.0329,0.0329,0.0329,0.0329,0.0165,0.0165,0.0165,0.0165,0.0634,0.0634,0.0634,0.0634,0.0634,0.0634,0.0547,0.0243,0.0243,0.1017,0.1017,0.1015,0.038,0.1104,0.038,0.1104,0.038,0.1104,0.0503,0.062,0.062,0.062,0.094,0.094,0.094,0.0938,0.0938,0.0938,0.0938,0.1028,0.1028,0.1028,0.0401,0.1665,0.1665,0.1665,0.1665,0.1665,0.1665,0.1665,0.287,0.1665,0.0904,0.0279,0.0904,0.0976,0.0451,0.0451,0.0451,0.0451,0.0451,0.0451,0.0451,0.0451,0.0451,0.057,0.057,0.057
"W20031-67",0.0439,0.0439,0.0439,0.0432,0.0418,0.0413,0.1156,0.1143,0.1079,0.094,0.094,0.1665,0.1665,0.1066,0.1066,0.0558,0.0558,0.0165,0.0234,0.0234,0.0234,0.0234,0.0234,0.0234,0.0234,0.0234,0.0329,0.0329,0.0329,0.0329,0.0329,0.0165,0.0165,0.0165,0.0165,0.0634,0.0634,0.0634,0.0634,0.0634,0.0634,0.0547,0.0243,0.0243,0.1017,0.1017,0.1015,0.038,0.1104,0.038,0.1104,0.038,0.1104,0.0503,0.062,0.062,0.062,0.094,0.094,0.094,0.0938,0.0938,0.0938,0.0938,0.1028,0.1028,0.1028,0.0401,0.1665,0.1665,0.1665,0.1665,0.1665,0.1665,0.1665,0.1665,0.287,0.0904,0.0279,0.0904,0.0976,0.0451,0.0451,0.0451,0.0451,0.0451,0.0451,0.0451,0.0451,0.0451,0.057,0.057,0.057
"W20032-18",0.0262,0.0262,0.0262,0.0251,0.0324,0.0502,0.0308,0.0381,0.0786,0.0847,0.0847,0.0904,0.0904,0.0859,0.0859,0.0263,0.0263,0.0172,0.0283,0.0283,0.0283,0.0283,0.0283,0.0283,0.0283,0.0283,0.0344,0.0344,0.0344,0.0344,0.0344,0.0172,0.0172,0.0172,0.0172,0.0328,0.0328,0.0328,0.0328,0.0328,0.0328,0.0367,0.0348,0.0348,0.0369,0.0369,0.028,0.0273,0.033,0.0273,0.033,0.0273,0.033,0.0343,0.0283,0.0283,0.0283,0.0847,0.0847,0.0847,0.0758,0.0758,0.0758,0.0758,0.0808,0.0808,0.0808,0.0211,0.0904,0.0904,0.0904,0.0904,0.0904,0.0904,0.0904,0.0904,0.0904,0.2695,0.0135,0.1505,0.0817,0.0352,0.0352,0.0352,0.0352,0.0352,0.0352,0.0352,0.0352,0.0352,0.0355,0.0355,0.0355
"W20032-30",0.0315,0.0315,0.0315,0.0135,0.0134,0.0109,0.0264,0.0263,0.0192,0.015,0.015,0.0279,0.0279,0.0192,0.0192,0.0177,0.0177,0.023,0.0266,0.0266,0.0266,0.0266,0.0266,0.0266,0.0266,0.0266,0.046,0.046,0.046,0.046,0.046,0.023,0.023,0.023,0.023,0.095,0.095,0.095,0.095,0.095,0.095,0.0314,0.0288,0.0288,0.0221,0.0221,0.0414,0.0728,0.0857,0.0728,0.0857,0.0728,0.0857,0.0848,0.0528,0.0528,0.0528,0.015,0.015,0.015,0.0342,0.0342,0.0342,0.0342,0.0786,0.0786,0.0786,0.0268,0.0279,0.0279,0.0279,0.0279,0.0279,0.0279,0.0279,0.0279,0.0279,0.0135,0.2564,0.0135,0.0163,0.0226,0.0226,0.0226,0.0226,0.0226,0.0226,0.0226,0.0226,0.0226,0.0343,0.0343,0.0343
"W20032-31",0.0262,0.0262,0.0262,0.0251,0.0324,0.0502,0.0308,0.0381,0.0786,0.0847,0.0847,0.0904,0.0904,0.0859,0.0859,0.0263,0.0263,0.0172,0.0283,0.0283,0.0283,0.0283,0.0283,0.0283,0.0283,0.0283,0.0344,0.0344,0.0344,0.0344,0.0344,0.0172,0.0172,0.0172,0.0172,0.0328,0.0328,0.0328,0.0328,0.0328,0.0328,0.0367,0.0348,0.0348,0.0369,0.0369,0.028,0.0273,0.033,0.0273,0.033,0.0273,0.033,0.0343,0.0283,0.0283,0.0283,0.0847,0.0847,0.0847,0.0758,0.0758,0.0758,0.0758,0.0808,0.0808,0.0808,0.0211,0.0904,0.0904,0.0904,0.0904,0.0904,0.0904,0.0904,0.0904,0.0904,0.1505,0.0135,0.2695,0.0817,0.0352,0.0352,0.0352,0.0352,0.0352,0.0352,0.0352,0.0352,0.0352,0.0355,0.0355,0.0355
"W20033-4",0.056,0.056,0.056,0.0287,0.0624,0.058,0.0364,0.0701,0.0838,0.0899,0.0899,0.0976,0.0976,0.1175,0.1175,0.0563,0.0563,0.0124,0.0218,0.0218,0.0218,0.0218,0.0218,0.0218,0.0218,0.0218,0.0248,0.0248,0.0248,0.0248,0.0248,0.0124,0.0124,0.0124,0.0124,0.039,0.039,0.039,0.039,0.039,0.039,0.0429,0.0152,0.0152,0.0425,0.0425,0.0328,0.0309,0.0386,0.0309,0.0386,0.0309,0.0386,0.0321,0.0327,0.0327,0.0327,0.0899,0.0899,0.0899,0.0801,0.0801,0.0801,0.0801,0.086,0.086,0.086,0.0255,0.0976,0.0976,0.0976,0.0976,0.0976,0.0976,0.0976,0.0976,0.0976,0.0817,0.0163,0.0817,0.2674,0.09,0.09,0.09,0.0588,0.0588,0.0588,0.0588,0.0588,0.0588,0.0338,0.0338,0.0338
"W20034-11",0.0629,0.0629,0.0629,0.0287,0.065,0.0561,0.0381,0.0745,0.027,0.0357,0.0357,0.0451,0.0451,0.0634,0.0634,0.0564,0.0564,0.0212,0.0319,0.0319,0.0319,0.0319,0.0319,0.0319,0.0319,0.0319,0.0424,0.0424,0.0424,0.0424,0.0424,0.0212,0.0212,0.0212,0.0212,0.0562,0.0562,0.0562,0.0562,0.0562,0.0562,0.0551,0.0252,0.0252,0.0468,0.0468,0.0423,0.0384,0.0479,0.0384,0.0479,0.0384,0.0479,0.0664,0.0421,0.0421,0.0421,0.0357,0.0357,0.0357,0.0312,0.0312,0.0312,0.0312,0.0368,0.0368,0.0368,0.0365,0.0451,0.0451,0.0451,0.0451,0.0451,0.0451,0.0451,0.0451,0.0451,0.0352,0.0226,0.0352,0.09,0.2724,0.1499,0.1499,0.0884,0.0884,0.0884,0.0884,0.0884,0.0884,0.07,0.07,0.07
"W20034-13",0.0629,0.0629,0.0629,0.0287,0.065,0.0561,0.0381,0.0745,0.027,0.0357,0.0357,0.0451,0.0451,0.0634,0.0634,0.0564,0.0564,0.0212,0.0319,0.0319,0.0319,0.0319,0.0319,0.0319,0.0319,0.0319,0.0424,0.0424,0.0424,0.0424,0.0424,0.0212,0.0212,0.0212,0.0212,0.0562,0.0562,0.0562,0.0562,0.0562,0.0562,0.0551,0.0252,0.0252,0.0468,0.0468,0.0423,0.0384,0.0479,0.0384,0.0479,0.0384,0.0479,0.0664,0.0421,0.0421,0.0421,0.0357,0.0357,0.0357,0.0312,0.0312,0.0312,0.0312,0.0368,0.0368,0.0368,0.0365,0.0451,0.0451,0.0451,0.0451,0.0451,0.0451,0.0451,0.0451,0.0451,0.0352,0.0226,0.0352,0.09,0.1499,0.2724,0.1499,0.0884,0.0884,0.0884,0.0884,0.0884,0.0884,0.07,0.07,0.07
"W20034-7",0.0629,0.0629,0.0629,0.0287,0.065,0.0561,0.0381,0.0745,0.027,0.0357,0.0357,0.0451,0.0451,0.0634,0.0634,0.0564,0.0564,0.0212,0.0319,0.0319,0.0319,0.0319,0.0319,0.0319,0.0319,0.0319,0.0424,0.0424,0.0424,0.0424,0.0424,0.0212,0.0212,0.0212,0.0212,0.0562,0.0562,0.0562,0.0562,0.0562,0.0562,0.0551,0.0252,0.0252,0.0468,0.0468,0.0423,0.0384,0.0479,0.0384,0.0479,0.0384,0.0479,0.0664,0.0421,0.0421,0.0421,0.0357,0.0357,0.0357,0.0312,0.0312,0.0312,0.0312,0.0368,0.0368,0.0368,0.0365,0.0451,0.0451,0.0451,0.0451,0.0451,0.0451,0.0451,0.0451,0.0451,0.0352,0.0226,0.0352,0.09,0.1499,0.1499,0.2724,0.0884,0.0884,0.0884,0.0884,0.0884,0.0884,0.07,0.07,0.07
"W20035-25",0.0629,0.0629,0.0629,0.0287,0.065,0.0561,0.0381,0.0745,0.027,0.0357,0.0357,0.0451,0.0451,0.0634,0.0634,0.0564,0.0564,0.0212,0.0319,0.0319,0.0319,0.0319,0.0319,0.0319,0.0319,0.0319,0.0424,0.0424,0.0424,0.0424,0.0424,0.0212,0.0212,0.0212,0.0212,0.0562,0.0562,0.0562,0.0562,0.0562,0.0562,0.0551,0.0252,0.0252,0.0468,0.0468,0.0423,0.0384,0.0479,0.0384,0.0479,0.0384,0.0479,0.0664,0.0421,0.0421,0.0421,0.0357,0.0357,0.0357,0.0312,0.0312,0.0312,0.0312,0.0368,0.0368,0.0368,0.0365,0.0451,0.0451,0.0451,0.0451,0.0451,0.0451,0.0451,0.0451,0.0451,0.0352,0.0226,0.0352,0.0588,0.0884,0.0884,0.0884,0.2724,0.1499,0.1499,0.1188,0.1188,0.1188,0.1003,0.1003,0.1003
"W20035-33",0.0629,0.0629,0.0629,0.0287,0.065,0.0561,0.0381,0.0745,0.027,0.0357,0.0357,0.0451,0.0451,0.0634,0.0634,0.0564,0.0564,0.0212,0.0319,0.0319,0.0319,0.0319,0.0319,0.0319,0.0319,0.0319,0.0424,0.0424,0.0424,0.0424,0.0424,0.0212,0.0212,0.0212,0.0212,0.0562,0.0562,0.0562,0.0562,0.0562,0.0562,0.0551,0.0252,0.0252,0.0468,0.0468,0.0423,0.0384,0.0479,0.0384,0.0479,0.0384,0.0479,0.0664,0.0421,0.0421,0.0421,0.0357,0.0357,0.0357,0.0312,0.0312,0.0312,0.0312,0.0368,0.0368,0.0368,0.0365,0.0451,0.0451,0.0451,0.0451,0.0451,0.0451,0.0451,0.0451,0.0451,0.0352,0.0226,0.0352,0.0588,0.0884,0.0884,0.0884,0.1499,0.2724,0.1499,0.1188,0.1188,0.1188,0.1003,0.1003,0.1003
"W20035-5",0.0629,0.0629,0.0629,0.0287,0.065,0.0561,0.0381,0.0745,0.027,0.0357,0.0357,0.0451,0.0451,0.0634,0.0634,0.0564,0.0564,0.0212,0.0319,0.0319,0.0319,0.0319,0.0319,0.0319,0.0319,0.0319,0.0424,0.0424,0.0424,0.0424,0.0424,0.0212,0.0212,0.0212,0.0212,0.0562,0.0562,0.0562,0.0562,0.0562,0.0562,0.0551,0.0252,0.0252,0.0468,0.0468,0.0423,0.0384,0.0479,0.0384,0.0479,0.0384,0.0479,0.0664,0.0421,0.0421,0.0421,0.0357,0.0357,0.0357,0.0312,0.0312,0.0312,0.0312,0.0368,0.0368,0.0368,0.0365,0.0451,0.0451,0.0451,0.0451,0.0451,0.0451,0.0451,0.0451,0.0451,0.0352,0.0226,0.0352,0.0588,0.0884,0.0884,0.0884,0.1499,0.1499,0.2724,0.1188,0.1188,0.1188,0.1003,0.1003,0.1003
"W20036-14",0.0629,0.0629,0.0629,0.0287,0.065,0.0561,0.0381,0.0745,0.027,0.0357,0.0357,0.0451,0.0451,0.0634,0.0634,0.0564,0.0564,0.0212,0.0319,0.0319,0.0319,0.0319,0.0319,0.0319,0.0319,0.0319,0.0424,0.0424,0.0424,0.0424,0.0424,0.0212,0.0212,0.0212,0.0212,0.0562,0.0562,0.0562,0.0562,0.0562,0.0562,0.0551,0.0252,0.0252,0.0468,0.0468,0.0423,0.0384,0.0479,0.0384,0.0479,0.0384,0.0479,0.0664,0.0421,0.0421,0.0421,0.0357,0.0357,0.0357,0.0312,0.0312,0.0312,0.0312,0.0368,0.0368,0.0368,0.0365,0.0451,0.0451,0.0451,0.0451,0.0451,0.0451,0.0451,0.0451,0.0451,0.0352,0.0226,0.0352,0.0588,0.0884,0.0884,0.0884,0.1188,0.1188,0.1188,0.2724,0.1499,0.1499,0.1003,0.1003,0.1003
"W20036-38",0.0629,0.0629,0.0629,0.0287,0.065,0.0561,0.0381,0.0745,0.027,0.0357,0.0357,0.0451,0.0451,0.0634,0.0634,0.0564,0.0564,0.0212,0.0319,0.0319,0.0319,0.0319,0.0319,0.0319,0.0319,0.0319,0.0424,0.0424,0.0424,0.0424,0.0424,0.0212,0.0212,0.0212,0.0212,0.0562,0.0562,0.0562,0.0562,0.0562,0.0562,0.0551,0.0252,0.0252,0.0468,0.0468,0.0423,0.0384,0.0479,0.0384,0.0479,0.0384,0.0479,0.0664,0.0421,0.0421,0.0421,0.0357,0.0357,0.0357,0.0312,0.0312,0.0312,0.0312,0.0368,0.0368,0.0368,0.0365,0.0451,0.0451,0.0451,0.0451,0.0451,0.0451,0.0451,0.0451,0.0451,0.0352,0.0226,0.0352,0.0588,0.0884,0.0884,0.0884,0.1188,0.1188,0.1188,0.1499,0.2724,0.1499,0.1003,0.1003,0.1003
"W20036-8",0.0629,0.0629,0.0629,0.0287,0.065,0.0561,0.0381,0.0745,0.027,0.0357,0.0357,0.0451,0.0451,0.0634,0.0634,0.0564,0.0564,0.0212,0.0319,0.0319,0.0319,0.0319,0.0319,0.0319,0.0319,0.0319,0.0424,0.0424,0.0424,0.0424,0.0424,0.0212,0.0212,0.0212,0.0212,0.0562,0.0562,0.0562,0.0562,0.0562,0.0562,0.0551,0.0252,0.0252,0.0468,0.0468,0.0423,0.0384,0.0479,0.0384,0.0479,0.0384,0.0479,0.0664,0.0421,0.0421,0.0421,0.0357,0.0357,0.0357,0.0312,0.0312,0.0312,0.0312,0.0368,0.0368,0.0368,0.0365,0.0451,0.0451,0.0451,0.0451,0.0451,0.0451,0.0451,0.0451,0.0451,0.0352,0.0226,0.0352,0.0588,0.0884,0.0884,0.0884,0.1188,0.1188,0.1188,0.1499,0.1499,0.2724,0.1003,0.1003,0.1003
"W20038-19",0.0481,0.0481,0.0481,0.0244,0.0367,0.0327,0.0505,0.0628,0.0285,0.0309,0.0309,0.057,0.057,0.0407,0.0407,0.0343,0.0343,0.0294,0.0367,0.0367,0.0367,0.0367,0.0367,0.0367,0.0367,0.0367,0.0587,0.0587,0.0587,0.0587,0.0587,0.0294,0.0294,0.0294,0.0294,0.0718,0.0718,0.0718,0.0718,0.0718,0.0718,0.0547,0.0346,0.0346,0.0529,0.0529,0.0631,0.0439,0.07,0.0439,0.07,0.0439,0.07,0.084,0.0643,0.0643,0.0643,0.0309,0.0309,0.0309,0.041,0.041,0.041,0.041,0.0479,0.0479,0.0479,0.0413,0.057,0.057,0.057,0.057,0.057,0.057,0.057,0.057,0.057,0.0355,0.0343,0.0355,0.0338,0.07,0.07,0.07,0.1003,0.1003,0.1003,0.1003,0.1003,0.1003,0.2866,0.1642,0.1642
"W20038-6",0.0481,0.0481,0.0481,0.0244,0.0367,0.0327,0.0505,0.0628,0.0285,0.0309,0.0309,0.057,0.057,0.0407,0.0407,0.0343,0.0343,0.0294,0.0367,0.0367,0.0367,0.0367,0.0367,0.0367,0.0367,0.0367,0.0587,0.0587,0.0587,0.0587,0.0587,0.0294,0.0294,0.0294,0.0294,0.0718,0.0718,0.0718,0.0718,0.0718,0.0718,0.0547,0.0346,0.0346,0.0529,0.0529,0.0631,0.0439,0.07,0.0439,0.07,0.0439,0.07,0.084,0.0643,0.0643,0.0643,0.0309,0.0309,0.0309,0.041,0.041,0.041,0.041,0.0479,0.0479,0.0479,0.0413,0.057,0.057,0.057,0.057,0.057,0.057,0.057,0.057,0.057,0.0355,0.0343,0.0355,0.0338,0.07,0.07,0.07,0.1003,0.1003,0.1003,0.1003,0.1003,0.1003,0.1642,0.2866,0.1642
"W20038-63",0.0481,0.0481,0.0481,0.0244,0.0367,0.0327,0.0505,0.0628,0.0285,0.0309,0.0309,0.057,0.057,0.0407,0.0407,0.0343,0.0343,0.0294,0.0367,0.0367,0.0367,0.0367,0.0367,0.0367,0.0367,0.0367,0.0587,0.0587,0.0587,0.0587,0.0587,0.0294,0.0294,0.0294,0.0294,0.0718,0.0718,0.0718,0.0718,0.0718,0.0718,0.0547,0.0346,0.0346,0.0529,0.0529,0.0631,0.0439,0.07,0.0439,0.07,0.0439,0.07,0.084,0.0643,0.0643,0.0643,0.0309,0.0309,0.0309,0.041,0.041,0.041,0.041,0.0479,0.0479,0.0479,0.0413,0.057,0.057,0.057,0.057,0.057,0.057,0.057,0.057,0.057,0.0355,0.0343,0.0355,0.0338,0.07,0.07,0.07,0.1003,0.1003,0.1003,0.1003,0.1003,0.1003,0.1642,0.1642,0.2866
